time,trend,trend_lo,trend_hi,cycle,cycle_lo,cycle_hi,sv_factor,sv_factor_lo,sv_factor_hi,sv_target,sv_target_lo,sv_target_hi,outlier_factor,outlier_target,fitted,observed
2000-01-01,0.0260532606548419,-0.173374057395896,0.258089530687145,2.69487360730822,0.696693077838307,5.3687546317639,0.287674709900214,0.211714389791131,0.370517580251885,1.03817931869138,0.899112030882701,1.18718653895707,1,1,2.72092686796306,NaN
2000-02-01,0.0256376210288908,-0.173397347428468,0.257260002688814,0.0274831966524283,-1.33333591625219,1.49743526028234,0.289042129097262,0.210894173443855,0.369508371247234,1.03837366052619,0.898386508123238,1.18379414340209,1,1,0.0531208176813191,NaN
2000-03-01,0.0256321258060002,-0.173827399605178,0.255775792674029,-0.438990156281256,-1.50136678177626,0.475322112477866,0.288247045176507,0.210991284249073,0.365342230701473,1.03728057600794,0.896886812477259,1.18334713854801,1,1,-0.413358030475256,3.8249452954048
2000-04-01,0.025442645708609,-0.174244847699935,0.256688267717669,0.0920546127562592,-0.743104964732372,0.999577247728505,0.288384581903371,0.209446382790803,0.368830380455571,1.03601648000527,0.904761311697373,1.18322807764548,1,1,0.117497258464868,NaN
2000-05-01,0.0257393502444017,-0.174704983906223,0.255812572713837,0.938683896233736,0.158190206093883,1.81529181972827,0.290088047937115,0.209686903107993,0.368229084316263,1.03986406533131,0.903494286504242,1.18390617606212,1,1,0.964423246478138,NaN
2000-06-01,0.0263623952900405,-0.174088177290336,0.256020042067883,1.00543660556559,0.403562706115475,1.81326628798851,0.290099442809505,0.211405008356611,0.370230099791112,1.04242807993459,0.900288272503226,1.18678767108511,1,1,1.03179900085563,2.46726240656439
2000-07-01,0.0261906003260716,-0.173109434943998,0.255586711868447,-0.440659464447245,-1.34900400215419,0.256253146589844,0.287424723726028,0.213506161601085,0.368009391286407,1.04107701800411,0.902150495644736,1.18326278270268,1,1,-0.414468864121174,NaN
2000-08-01,0.026667044763385,-0.173066662020274,0.255438530293496,0.37945594139807,-0.266001335432881,1.19006880066845,0.285783057420819,0.213723571572487,0.366351954546795,1.0412662012062,0.903912214969775,1.18676751689588,1,1,0.406122986161455,NaN
2000-09-01,0.0265839482970595,-0.172918989360523,0.255472762422922,1.34890828286115,0.670750325737791,2.13879426829679,0.28465370527721,0.213813636554546,0.367730971949161,1.04142199145839,0.902658864963908,1.18759343962738,1,1,1.37549223115821,1.23683633172444
2000-10-01,0.0263136626273349,-0.173611543574587,0.255766157171957,-0.176369269230879,-0.968993843286864,0.443041286024864,0.283894550697375,0.212914474573928,0.36752549310133,1.04109544499431,0.901609568413437,1.18926781135379,1,1,-0.150055606603544,NaN
2000-11-01,0.0255029691063528,-0.173469339388601,0.256093388497459,0.98803474971872,0.403451449478256,1.5305897019024,0.284594440441598,0.212728858913931,0.364786840422564,1.04267878031424,0.907002949684756,1.18835752677537,1,1,1.01353771882507,NaN
2000-12-01,0.0254989471722704,-0.174457459754602,0.254975531700934,0.899543491712137,0.311846429125471,1.75425409510059,0.28506608981169,0.213159860505434,0.365569230006714,1.04338566296833,0.902026636353246,1.18591156572327,1,1,0.925042438884407,2.21861032100772
2001-01-01,0.0259394026605038,-0.173458582546711,0.254585112384616,0.0556613929349993,-0.75890112496944,0.7846680208282,0.286267941383306,0.21276509785802,0.366674159511754,1.04275849956719,0.898794140534598,1.18720425727958,1,1,0.0816007955955031,NaN
2001-02-01,0.0260754714043695,-0.173593902183931,0.25450359264646,0.247687934698533,-0.272587126084304,0.915210021430762,0.286281399138932,0.212808740238055,0.367441477730984,1.04207685502344,0.895807602940088,1.18536954864798,1,1,0.273763406102902,NaN
2001-03-01,0.0266059564567722,-0.174344684539253,0.254212718675981,-0.0152610551536212,-0.65310676809435,0.573183756508437,0.287853482933366,0.211981337826122,0.36970117253655,1.04269422415445,0.895867544689302,1.18634159409029,1,1,0.0113449013031511,1.36746700588328
2001-04-01,0.0263447244472084,-0.174775530672384,0.254220464540255,-1.24413322924243,-2.77685250144942,-0.309476236478501,0.288658029266018,0.212277472857648,0.366834260732988,1.04023164848957,0.901368784668373,1.18225034216749,1,1,-1.21778850479522,NaN
2001-05-01,0.0271297834605924,-0.175531624993778,0.254514136905216,0.656924988007217,-0.0415294215960794,1.53115958460743,0.288619387299067,0.212139587907966,0.363522269438041,1.0440476200498,0.903709672572325,1.18177657115401,1,1,0.68405477146781,NaN
2001-06-01,0.0273131641679146,-0.174948623246733,0.253569842169998,0.58997685792982,0.00383442244957677,1.39403427413446,0.288491014852415,0.211662230637058,0.366965420012648,1.04394205659407,0.903632605269657,1.18213044375511,1,1,0.617290022097734,0.10980392156863
2001-07-01,0.0275354941549613,-0.175930213328146,0.253789759770927,-0.054104550336501,-0.776415774003118,0.607390045696887,0.287034994775578,0.209359487982536,0.367258597513357,1.04647888029845,0.904631495697966,1.18097104875151,1,1,-0.0265690561815397,NaN
2001-08-01,0.0275179827179989,-0.175423659159487,0.253778324316596,-0.18846473645208,-0.902122729609793,0.405219388967971,0.28580784439749,0.210533071505348,0.364629977836903,1.04613049522538,0.908652414397016,1.1801093049697,1,1,-0.160946753734081,NaN
2001-09-01,0.0275253871274351,-0.175722344484198,0.254077671906074,-0.0848194343332053,-0.646879914333992,0.467558970883498,0.286103504232597,0.20951903094183,0.364163785774016,1.04499661822184,0.908032661050581,1.18117284488501,1,1,-0.0572940472057702,2.05525958424737
2001-10-01,0.0271340134183132,-0.176382557173412,0.254955031724834,-0.0865215360842677,-0.796292949217004,0.650032674747118,0.287133217181733,0.211963043203565,0.361594000876008,1.04582474006019,0.91279771652861,1.17845089103963,1,1,-0.0593875226659545,NaN
2001-11-01,0.0273996626159758,-0.176243878943738,0.255857404078536,1.54736659760718,0.735519568282397,2.76150554588719,0.286875332216301,0.213202893218574,0.360879622436803,1.04309668795097,0.910588389986566,1.17938607102344,1,1,1.57476626022316,NaN
2001-12-01,0.028206020705473,-0.17679866797595,0.256809842834981,0.518754355050972,-0.0612461598184295,1.35736200645704,0.287481722688667,0.214450558004315,0.363157167346783,1.04475600134936,0.909393043636353,1.18432516537715,1,1,0.546960375756445,1.49440876173905
2002-01-01,0.0288824039953983,-0.17697667242738,0.257118140777204,-1.08816853221445,-2.08524998261776,-0.429101495036408,0.286391790669249,0.214848310550329,0.363132500263446,1.04574548525793,0.909784882530771,1.18299938404502,1,1,-1.05928612821905,NaN
2002-02-01,0.0290539288518058,-0.175285718256997,0.256773863906016,0.286726667729277,-0.48166187395244,0.981263629686286,0.285640932320036,0.213709271217247,0.363485275309885,1.04450347576951,0.909927630102438,1.18725041729825,1,1,0.315780596581083,NaN
2002-03-01,0.0283016478474808,-0.17473209920722,0.256122304466127,0.0143468731004235,-0.6317521605082,0.649940941722901,0.28523403306146,0.218455189689539,0.36059046255057,1.04216559080345,0.908071081882673,1.18606317890108,1,1,0.0426485209479043,0.78914857675918
2002-04-01,0.0286301894729564,-0.174921065141096,0.256295648147023,1.34158714031479,0.582181454380614,2.43753973811569,0.284553594768951,0.217525256109529,0.36151822058473,1.0466639246264,0.911637737281992,1.18785681924081,1,1,1.37021732978774,NaN
2002-05-01,0.0278474620071288,-0.175644315513373,0.257263886343204,1.00169251835744,0.329027606778099,1.51252810249408,0.285203319891611,0.215646552900809,0.360520576746073,1.04593450889152,0.906823618009907,1.18467030629681,1,1,1.02953998036457,NaN
2002-06-01,0.0281492586535874,-0.177096608303238,0.256665589787709,-0.215712674311795,-0.857319403530086,0.266080053501179,0.284556364640117,0.216384086424142,0.360868770727838,1.04288645695259,0.903613932968713,1.18335922848334,1,1,-0.187563415658207,3.52711626976188
2002-07-01,0.02793058734506,-0.177668214989927,0.256393302127983,0.339175303040657,-0.251546011085579,1.09080196425666,0.285230103242084,0.217418587320446,0.358510657581293,1.04363280828615,0.903355554582327,1.18186339331227,1,1,0.367105890385717,NaN
2002-08-01,0.0277649479986229,-0.178250296120965,0.256416848242565,0.772450305877993,0.126100432849191,1.35710544259865,0.285992395893724,0.217020387879204,0.357703103068006,1.04420400379895,0.907554211140412,1.18536233057745,1,1,0.800215253876616,NaN
2002-09-01,0.0290570560396918,-0.178067100458691,0.256656924877697,0.181757596397816,-0.292769726192339,0.852553901452185,0.285440056470777,0.216734819585571,0.355792354053196,1.04368124029941,0.905235251960849,1.18379264864232,1,1,0.210814652437508,2.03692069782051
2002-10-01,0.0285585134785897,-0.178233388945819,0.256049983099984,0.355826451233846,-0.285046896140708,1.14753220536433,0.285961487665619,0.215765138796409,0.359378046700264,1.04251136752808,0.905885345416234,1.18745555049437,1,1,0.384384964712436,NaN
2002-11-01,0.0284086521905286,-0.177464099890859,0.256760800274911,0.318694534021619,-0.336695373507831,0.950314704773757,0.285269683685103,0.218857656693235,0.357046607676937,1.048224295831,0.904173453553647,1.18853879416248,1,1,0.347103186212147,NaN
2002-12-01,0.0290479415677276,-0.177481838893993,0.257123436231132,-0.478630829890017,-1.11938792497921,0.0926212342504899,0.285247035549257,0.218706456701325,0.356137895630451,1.04648927581565,0.903392828403398,1.1838402507165,1,1,-0.449582888322289,0.745932889720335
2003-01-01,0.0293350052003964,-0.178007559903863,0.256968009912615,-0.0382259888161328,-0.675649115409485,0.505860058514602,0.284016658712204,0.219052862063628,0.356897298500934,1.04545731391607,0.902945876257873,1.18400568838321,1,1,-0.00889098361573634,NaN
2003-02-01,0.0293946149917788,-0.177654640604413,0.257008117039207,0.738861667237763,0.083751146249507,1.58450427906168,0.284826050100541,0.221401599090333,0.357200144634281,1.0440671769458,0.904385522515417,1.18745186465464,1,1,0.768256282229542,NaN
2003-03-01,0.0293437946587471,-0.176648398781374,0.256492391947741,-0.583514070842893,-1.34121425473732,-0.0706211102258211,0.282945162871662,0.221761869455295,0.358739173630326,1.04136094944603,0.910278622199538,1.18649211505077,1,1,-0.554170276184146,2.24708537044003
2003-04-01,0.0295411370136682,-0.176784548405478,0.255799235595043,0.356144983501446,-0.192303590176553,1.03027254838175,0.283404714711248,0.21998216512977,0.36061874274529,1.04161157708655,0.904215909037319,1.19238909747778,1,1,0.385686120515114,NaN
2003-05-01,0.0290579190798262,-0.176829719634718,0.256215912334918,-0.160182185834482,-0.861631979393525,0.460269422887504,0.284297733428566,0.219950165539294,0.358802277814284,1.04083582337267,0.90379098964561,1.18626398613119,1,1,-0.131124266754656,NaN
2003-06-01,0.0289979782076873,-0.17652467893431,0.255083983015211,-0.440660433997893,-1.12119080993731,0.209431118492362,0.283602011723282,0.219573848139744,0.359769604157501,1.03959973623785,0.900118574205983,1.18628917411821,1,1,-0.411662455790205,2.32873563218392
2003-07-01,0.0294913339468683,-0.176123852410607,0.255177737310882,0.725603881801667,0.140214572692817,1.30115326343518,0.285274921852021,0.219454096545698,0.357083870978822,1.03993828700085,0.898316064698843,1.18374719081506,1,1,0.755095215748536,NaN
2003-08-01,0.0295567479136865,-0.176525976182689,0.25640874632485,0.815474410078727,0.274863539524713,1.58052701549071,0.284291538734507,0.218913101410577,0.359761938611525,1.04402861851845,0.895062333504718,1.18609072896265,1,1,0.845031157992414,NaN
2003-09-01,0.0293565885778804,-0.176293128963245,0.256372418235834,-0.347369440896609,-0.897024931634282,0.223114479344253,0.284904478883659,0.217988363886325,0.362467059921775,1.04329704054648,0.895146514859535,1.18414279486975,1,1,-0.318012852318729,1.00420101992675
2003-10-01,0.0293023817900678,-0.176665019941988,0.256550925544734,0.762077800264077,0.197703025484562,1.39377752085962,0.28249467726817,0.216548568406078,0.363109667440566,1.0449157631362,0.897852346995189,1.18257551420957,1,1,0.791380182054144,NaN
2003-11-01,0.0286473172629583,-0.177036821253037,0.25574751263361,0.375614244331808,-0.256459824308788,0.957884253186354,0.281380656616719,0.217618838164299,0.357286717399474,1.0417044355036,0.893365870933086,1.18074050790173,1,1,0.404261561594766,NaN
2003-12-01,0.0283136803594971,-0.178400207279145,0.255060298546674,-0.239155638721066,-0.873226820083723,0.415651843162795,0.284017174117545,0.216251188347543,0.357020394937795,1.04499078172076,0.895015759343548,1.1861810724942,1,1,-0.210841958361569,2.60231316725978
2004-01-01,0.0284166645506359,-0.178778909264881,0.255371702085726,0.700985757312873,0.114007134384055,1.44275157754981,0.28408877006257,0.21652000543824,0.360693759122314,1.04516660597208,0.891154932893808,1.18207980226687,1,1,0.729402421863509,NaN
2004-02-01,0.0283487472684132,-0.178840984877644,0.255435801507569,0.666698248620796,0.131261684092648,1.31946731818271,0.284505810955707,0.217278596156655,0.356309291131694,1.0438211397147,0.893604993399766,1.18119440861203,1,1,0.695046995889209,NaN
2004-03-01,0.028595713233331,-0.179768816551023,0.254978310680836,-0.47154940381091,-1.03801200339739,0.0636506499810554,0.28477851208603,0.218403332644145,0.358040205309659,1.03864752165607,0.898217642163493,1.17778608902027,1,1,-0.442953690577579,2.3216995447648
2004-04-01,0.0292666783315424,-0.179548167410697,0.25490812852369,0.0850291366357671,-0.508212619978682,0.676348449525823,0.284393127066656,0.217908136987249,0.361741058656412,1.03818278756521,0.893890308695187,1.18132146788706,1,1,0.114295814967309,NaN
2004-05-01,0.0296593207392597,-0.179136260430409,0.254423704827778,0.553654606397784,0.0293147186709456,1.30962138292948,0.283874391078072,0.220040994038904,0.360655105792888,1.04183188838323,0.898211330448056,1.18099099784589,1,1,0.583313927137044,NaN
2004-06-01,0.0286189937756785,-0.179708232604597,0.253491749394713,0.290046681649289,-0.297119102377224,0.817381829991523,0.285342743129077,0.219042805792939,0.361631859642772,1.03847414655252,0.898748424671253,1.1829870118477,1,1,0.318665675424968,-0.692781932586184
2004-07-01,0.0282665368565612,-0.179998433421885,0.252879210292731,0.199105711451197,-0.327524945847144,0.858033637741556,0.285758228154896,0.218225771045868,0.357856825426268,1.04167908749812,0.897641756496266,1.18340662591399,1,1,0.227372248307758,NaN
2004-08-01,0.0281363076029393,-0.178511243435707,0.25341336071807,-0.0383321841033377,-0.659287168533194,0.538148283615322,0.286573390813376,0.217511281407235,0.360417284347375,1.04407443178574,0.893061806558607,1.18184769081281,1,1,-0.0101958765003985,NaN
2004-09-01,0.0279339056646039,-0.178759929979149,0.252882031514638,0.433848600652432,-0.0805570939709147,1.09225316194913,0.287298755519064,0.218010347546992,0.361676627515914,1.04311101455164,0.893109898320422,1.17762823314418,1,1,0.461782506317036,2.25711481844946
2004-10-01,0.0278535081965415,-0.177975377943824,0.253415932215313,0.0169512118666939,-0.529359778027767,0.495401789691584,0.2881132675578,0.217286487692973,0.36307531576174,1.0467397215917,0.892829649037019,1.17384600003949,1,1,0.0448047200632354,NaN
2004-11-01,0.0279113268458943,-0.177563492420976,0.253336588063337,-0.163017508361933,-0.737273949225444,0.420390246154554,0.289782344526203,0.218452853924442,0.361400574861931,1.04618354093176,0.893628092167949,1.17376186968039,1,1,-0.135106181516039,NaN
2004-12-01,0.0278390701054852,-0.176662102138204,0.253534647329706,0.178371812407494,-0.347292749759786,0.812543942122016,0.293081199360255,0.220544047059861,0.360743715601205,1.04734468569023,0.894724591428911,1.17451970352214,1,1,0.20621088251298,2.09463406492532
2005-01-01,0.028135182953286,-0.17654217911741,0.254606720773957,-0.393451113989851,-1.19929894628386,0.251886581526211,0.29220617398682,0.219912400457817,0.362235025771869,1.04737839525543,0.894571898520696,1.17604638772167,1,1,-0.365315931036565,NaN
2005-02-01,0.0275994051801578,-0.175559496659957,0.255190201767583,2.08158828041364,1.02575784282834,3.53083690360068,0.292712934053818,0.219516345215028,0.36082590914526,1.04782226011241,0.892473758056086,1.17778810795445,1,1,2.1091876855938,NaN
2005-03-01,0.0279848793034113,-0.175739923447808,0.255087117349305,0.934372097425416,0.225253191009505,1.6644488504351,0.294114359898087,0.222348693306332,0.360764802655901,1.0444222558803,0.89594706029483,1.17968733540749,1,1,0.962356976728827,1.75739741703449
2005-04-01,0.028053942591021,-0.174925497529735,0.25557331029895,-0.145615387640942,-0.936808502782205,0.381464948343659,0.293681782771415,0.222006904395856,0.358368614923521,1.04810349027994,0.897301197492726,1.1804412567936,1,1,-0.117561445049921,NaN
2005-05-01,0.0287107918507524,-0.173164889638105,0.255055649694321,0.0502963315534108,-0.652405084473144,0.579334483939156,0.295960472041949,0.222605175478888,0.359845265643156,1.04714294824021,0.902398377911469,1.1767935661187,1,1,0.0790071234041632,NaN
2005-06-01,0.0291720232245694,-0.172623358403468,0.254817180590913,0.657122106528285,0.0769170655957095,1.37565697667129,0.294301024804933,0.225981380914367,0.362430623655758,1.04733259408088,0.902971901177862,1.17827105638541,1,1,0.686294129752854,3.95614105550646
2005-07-01,0.0297491187013434,-0.172809032479328,0.254232229241606,0.457703852944948,-0.133214484447248,1.04983357907997,0.29457424813144,0.225762540456694,0.363060239097958,1.04321939958924,0.905733492529769,1.18114885747654,1,1,0.487452971646292,NaN
2005-08-01,0.028782026023366,-0.172802000303815,0.253960668924472,0.145466811241806,-0.437621443798261,0.800407888487729,0.294262136354769,0.226891402820568,0.357995609187064,1.04385222471514,0.902942865043424,1.18150051328632,1,1,0.174248837265172,NaN
2005-09-01,0.0281016304315576,-0.173392127582923,0.254486450752131,1.46932986200012,0.56725358077767,3.00269565746867,0.295417976688513,0.224914644623951,0.360616876318957,1.04527641124865,0.905699924717973,1.1798850952701,1,1,1.49743149243168,2.38573581115018
2005-10-01,0.0279222395789935,-0.173935132597177,0.255195338196399,-0.134139571465461,-0.967565579691477,0.383636666363705,0.294139973526109,0.227011405601698,0.358286037105729,1.04732796069437,0.900781717057695,1.18018535227723,1,1,-0.106217331886468,NaN
2005-11-01,0.0278292525851916,-0.173666204420291,0.255123818206164,0.351822681950204,-0.264564748898267,0.971921087747099,0.295625453374356,0.228799778998995,0.35894219270588,1.04473075111687,0.901470949879263,1.1804343115513,1,1,0.379651934535395,NaN
2005-12-01,0.0281150132260486,-0.173673845283837,0.254436008581649,1.0623197078464,0.363501442599089,1.80476348405839,0.293837089132789,0.227067893843349,0.357542601493643,1.04452065377069,0.894792905444786,1.18283243778464,1,1,1.09043472107245,2.29618309088508
2006-01-01,0.0279500397593831,-0.17419604328145,0.254057938605484,-0.0542543227749017,-0.571104345434355,0.473989157954844,0.293893977891176,0.230726714672406,0.359993778803139,1.04513630550914,0.892027825782569,1.18292836934714,1,1,-0.0263042830155185,NaN
2006-02-01,0.0278719915442507,-0.174263269772614,0.252886116444933,0.322809334203378,-0.138433957437554,0.937016985601517,0.2960444066482,0.230807275935222,0.360078117605934,1.04086728790466,0.893392258794669,1.17842639662355,1,1,0.350681325747629,NaN
2006-03-01,0.0281871294540373,-0.173878750188525,0.251807282964798,1.17628261264691,0.572851882341355,2.01731720723299,0.295958990868392,0.22841483295528,0.361591883893073,1.0457154128048,0.891451428230195,1.18065866203285,1,1,1.20446974210094,2.31104061381828
2006-04-01,0.0280405835835145,-0.173557306650008,0.251659678031529,0.159674995424509,-0.401178885477053,0.68140635757219,0.296034531405184,0.229535436395247,0.361465552203044,1.04486510387363,0.893818055475278,1.17920005841218,1,1,0.187715579008024,NaN
2006-05-01,0.0275353377095911,-0.17369111613658,0.25197479006762,0.470127266257345,-0.0979700840991611,1.03999865545686,0.296376175776098,0.229976137014472,0.358585399909894,1.04302818433583,0.900467009542522,1.18460775616231,1,1,0.497662603966937,NaN
2006-06-01,0.0277118289287214,-0.174381008169719,0.251091087418735,0.810701225364184,0.210447621408283,1.41050106411497,0.297364448380233,0.227765293955273,0.358387312758813,1.04216620548916,0.899063670103842,1.18692397469572,1,1,0.838413054292905,2.09298552396746
2006-07-01,0.0276286094197772,-0.17431263626116,0.251865923239876,0.15114419996389,-0.381116468293111,0.720116050303469,0.298075493925278,0.225685009418042,0.361107256858646,1.04175761128007,0.896874459808949,1.18602432018864,1,1,0.178772809383667,NaN
2006-08-01,0.0276809736917952,-0.174492474559534,0.251827297886451,1.1392116580822,0.540786795448534,1.75029851385313,0.297813692711902,0.227908636299902,0.363867888183074,1.04145638271459,0.897669033525821,1.18620506735209,1,1,1.166892631774,NaN
2006-09-01,0.0279793565613215,-0.174671338260913,0.252046760643855,0.444783915227734,-0.187755057545663,1.09086361404236,0.297140912780936,0.228943851026914,0.361819132384279,1.03919146876429,0.895073220792896,1.18014148204616,1,1,0.472763271789056,2.27786410509958
2006-10-01,0.0277857580898471,-0.1747025117556,0.251202323277276,0.0315870318812855,-0.48792555313205,0.683952373442102,0.295590045388268,0.232749297217372,0.360694219824099,1.04081420509207,0.896432644635063,1.18386109257132,1,1,0.0593727899711326,NaN
2006-11-01,0.0278805039384842,-0.174744550802058,0.251594527996424,1.54273812285763,0.905864867989323,2.2788422628875,0.297062149871862,0.23031461155698,0.361720723057892,1.04149636934883,0.902729647295657,1.18765770287825,1,1,1.57061862679611,NaN
2006-12-01,0.0273432606264522,-0.174049970834023,0.252049000079776,0.459345067011513,-0.124029496887105,1.20070599869561,0.296825028798804,0.230854509469863,0.365628678747093,1.03992024525015,0.901618852023406,1.18789681305395,1,1,0.486688327637965,2.48955491868375
2007-01-01,0.0271878237800519,-0.173551284837706,0.253116457180809,-0.311609936759632,-1.11118226542332,0.347435195516535,0.295903639389323,0.233864916862732,0.359198534091031,1.04480348539042,0.903368784479119,1.1873778879838,1,1,-0.28442211297958,NaN
2007-02-01,0.0262661506354432,-0.173725143122866,0.251906624613236,0.998171470762326,0.359369357227038,1.71602285909378,0.298332818640943,0.23308589750842,0.359571802564138,1.04049333977567,0.901941445630496,1.18930279851535,1,1,1.02443762139777,NaN
2007-03-01,0.025739208070929,-0.173870518944795,0.251177207121465,0.386093009220273,-0.184990690002108,1.07415078687159,0.300560130544416,0.233726076693941,0.36039462994951,1.0449364897182,0.89887381057415,1.18849986330424,1,1,0.411832217291202,3.30334883094132
2007-04-01,0.0256635694845609,-0.174592865813181,0.250684253398154,0.198939426841186,-0.419995231835293,0.798405451917011,0.300782883809307,0.234334259033606,0.358235349650598,1.0436342760696,0.898264405780463,1.19651248583246,1,1,0.224602996325747,NaN
2007-05-01,0.0254379831836962,-0.173729789182729,0.248893133837394,-0.0931527445126585,-0.853586933502918,0.55330044836072,0.302880400576963,0.232341172867584,0.362517563321134,1.04484621710362,0.900400653894867,1.18992997543088,1,1,-0.0677147613289623,NaN
2007-06-01,0.0259151631626403,-0.173089586850273,0.249233650145451,0.135392541604682,-0.48127719530914,0.75768124997518,0.299811724548953,0.233849433222649,0.363050637437999,1.04183445341159,0.903434713313192,1.19039984946544,1,1,0.161307704767323,0.38483489604566
2007-07-01,0.025474055928883,-0.172662928269777,0.248441523622472,-0.792157453095651,-1.59066083355341,-0.199684267400653,0.300523888816853,0.233301283037128,0.365129942189669,1.04390530928449,0.906053438281171,1.18993832792643,1,1,-0.766683397166768,NaN
2007-08-01,0.0256613987575133,-0.172604078278149,0.248781935021653,-0.040216023151769,-0.5556184712371,0.479222412413231,0.302887452810645,0.234765979489457,0.36488090071972,1.04317567881017,0.902395414056955,1.1912346270083,1,1,-0.0145546243942557,NaN
2007-09-01,0.0258809756491378,-0.173663959712795,0.249860424627571,0.0578462032700433,-0.51183892252769,0.560219316243976,0.303166245158835,0.233211075906606,0.36229540983555,1.04133133674773,0.905007689570396,1.19322890889945,1,1,0.0837271789191812,0.212797063075643
2007-10-01,0.0257636478735571,-0.173450100209584,0.250210047003781,-0.962857202436407,-1.60975972592363,-0.285216611374634,0.304310566988725,0.234595019837903,0.364438716796538,1.0424089534494,0.905413556583189,1.19358006692258,1,1,-0.93709355456285,NaN
2007-11-01,0.0266514090320006,-0.174469601002953,0.24976944749728,0.237733391459697,-0.316781420153299,0.927592598232892,0.303803107019585,0.235432877374245,0.364156224692507,1.04249634604538,0.904870532168657,1.19339962317765,1,1,0.264384800491697,NaN
2007-12-01,0.0269560953114861,-0.174582207595801,0.249354275403061,-1.33121826468829,-2.00087038482662,-0.722920412556039,0.304727637695734,0.234132249622216,0.364936908865004,1.04413997672935,0.901921993447227,1.19757841598417,1,1,-1.30426216937681,-0.596511703300273
2008-01-01,0.0271476801725069,-0.174363652004831,0.249294285067702,-1.0550490786037,-1.77538362639345,-0.451963988769568,0.308323582566126,0.234571342196315,0.364414231942101,1.0455645569643,0.905126737747284,1.19451291625765,1,1,-1.0279013984312,NaN
2008-02-01,0.0271778139734354,-0.174105376709074,0.249023719713529,0.774710513100042,0.188889235353402,1.48181957975996,0.307274461323172,0.233030454281972,0.368137685877366,1.04406111563351,0.904000591192643,1.19375501571561,1,1,0.801888327073477,NaN
2008-03-01,0.0275742219914037,-0.17337159165091,0.249156261002722,-2.03074502712265,-2.93488631291982,-1.34240075658254,0.308391789734411,0.229780400632578,0.366977737406583,1.04205388312134,0.90438232814252,1.19180677095829,1,1,-2.00317080513125,-2.22751288239513
2008-04-01,0.028222490010216,-0.17252767423443,0.249805379267022,-0.041227366093394,-0.767845494456995,0.7207695724925,0.30767071159871,0.229608255166963,0.365848559330061,1.04298523353814,0.904412660818408,1.19015716042084,1,1,-0.0130048760831781,NaN
2008-05-01,0.0288577919614844,-0.172850200580048,0.249383094592138,0.0878585044761284,-0.641939320057521,0.758577717885487,0.309274097615487,0.232415516715558,0.365147320799622,1.04076231260913,0.904927602998241,1.19025758193903,1,1,0.116716296437613,NaN
2008-06-01,0.0292006506422924,-0.172430015739942,0.24988981805182,-2.0812407895192,-3.06349184682118,-1.43329640597794,0.309497498194004,0.233947517654279,0.367336349882703,1.03901718368858,0.908613918329237,1.18862863088124,1,1,-2.05204013887691,1.04072850995696
2008-07-01,0.0292506564279477,-0.172238829157328,0.24878565832602,-0.233251154792815,-0.84934734185913,0.451524661355995,0.311571738045283,0.234818009701943,0.370561731302039,1.03930410857108,0.902016237602739,1.19007451820556,1,1,-0.204000498364867,NaN
2008-08-01,0.0289604619158691,-0.171935655673726,0.248804064209649,-0.841116411092608,-1.70518579088157,-0.162688291942851,0.308789434326409,0.236200101173431,0.374700413647932,1.03881009392063,0.902112028157601,1.19181818645369,1,1,-0.812155949176739,NaN
2008-09-01,0.0293817355758273,-0.171834519655012,0.24855011254757,-1.8780474732833,-2.7831011569268,-1.06061203872391,0.307409786218647,0.235731412476939,0.374270475000715,1.03966172161054,0.90408173482764,1.19084178040661,1,1,-1.84866573770747,0.0346637615133316
2008-10-01,0.029475461112406,-0.17171810925809,0.248158526692493,-2.85974379040533,-5.37194584889663,-1.25893937124492,0.307068355144521,0.237590854978084,0.375550748889045,1.04145962480856,0.903273550037147,1.19285157802234,2.78061224489796,4.63265306122449,-2.83026832929293,NaN
2008-11-01,0.029603664541886,-0.172680933628123,0.248545910760972,-2.29499445789952,-3.19822289866745,-1.35716308274788,0.307116642002759,0.237305440550125,0.378039259961556,1.04276395733072,0.901023785336605,1.18849103003021,1,1,-2.26539079335764,NaN
2008-12-01,0.0287436276051991,-0.173036698150845,0.248194104485855,-3.43082209863089,-5.03942683959357,-2.2447251216102,0.309929964240599,0.234809357840968,0.377814384097863,1.03965905377766,0.897431226713648,1.18715722620146,1,1,-3.40207847102569,-11.8673993036648
2009-01-01,0.0274949161748093,-0.172864883267022,0.247673250155761,-0.746195161115968,-1.54026793644168,-0.134099819387746,0.313235858556245,0.237755878499412,0.375362652041083,1.03443883712492,0.896511857563594,1.18751406761103,1,1,-0.718700244941159,NaN
2009-02-01,0.0271691537376163,-0.172983015624379,0.247814834322306,-1.12298844883637,-1.85781454608594,-0.301385934769708,0.31077863897961,0.237922111574946,0.377540958461698,1.03751925112449,0.893916925204955,1.19116234883095,1,1,-1.09581929509875,NaN
2009-03-01,0.0275422424022784,-0.172832414631489,0.247800250119101,-3.05405673007575,-4.05212363920486,-2.15422196992471,0.311543206382853,0.238532309491293,0.377060876243282,1.03881875030953,0.891409915332804,1.18726135631662,1,1,-3.02651448767347,-2.63803336391381
2009-04-01,0.0272694277664188,-0.172706593550061,0.247273362036147,-0.24178270909065,-1.23626747806022,0.578917839968728,0.31048950347367,0.238075425364162,0.377010593778076,1.03760704185886,0.889263744972369,1.18353335494581,1,1,-0.214513281324231,NaN
2009-05-01,0.0266576625982057,-0.172663872531603,0.246722001841729,-1.0791612861927,-1.65880959842811,-0.423489170404715,0.310046161099706,0.238691890903887,0.377666796374001,1.03705502388327,0.891108184779212,1.18594094615158,1,1,-1.05250362359449,NaN
2009-06-01,0.02615367791676,-0.171742867919991,0.246448917675057,-0.389373796985055,-1.18785189194468,0.24748898521112,0.311368368241737,0.234578157706181,0.376073772766965,1.03780174876124,0.894580472413359,1.18730495595933,1,1,-0.363220119068295,-3.39410022691435
2009-07-01,0.0254940005267419,-0.171336496773774,0.246920110354826,1.00573670334711,0.447529878785437,1.74462694973874,0.314597533781597,0.237881948517326,0.378792681711619,1.03915624923,0.890636776634377,1.18233266473083,1,1,1.03123070387385,NaN
2009-08-01,0.0247872657172367,-0.171968698213992,0.247039882555334,-0.999074781255008,-1.60924119820411,-0.341845944612552,0.313129763141317,0.240688782983957,0.380298124274005,1.03846601729762,0.893331079523002,1.18228366086091,1,1,-0.974287515537772,NaN
2009-09-01,0.0239399811068646,-0.172359411224041,0.247374422178808,-1.06974405410875,-1.92164241844273,-0.465066995584871,0.315482271146672,0.241882022275757,0.376525134355235,1.03874223248299,0.894483529863504,1.17877575062487,1,1,-1.04580407300189,-1.80345163923004
2009-10-01,0.0237870294212592,-0.171640802867093,0.247686125287411,1.33240105581976,0.614689304954976,2.13544511325646,0.312997442923328,0.241460046317936,0.379395622243079,1.03798596997214,0.890094093581635,1.17917751132209,1,1,1.35618808524102,NaN
2009-11-01,0.0245109096691807,-0.171449525210161,0.247474902471968,-0.99795892975844,-1.6354400250872,-0.350350948318949,0.312329144372209,0.240991977287817,0.377830608991716,1.03736151372542,0.888078067751788,1.17515202550123,1,1,-0.97344802008926,NaN
2009-12-01,0.0236389456173872,-0.170966318989843,0.247447475565236,0.443275560691624,-0.169171346314098,1.10380082079547,0.31227860462438,0.24012724157643,0.379771990548017,1.03976287797867,0.895150670298446,1.17554329362607,1,1,0.466914506309012,0.500699357402046
2010-01-01,0.0249380296846441,-0.171059375237938,0.247139239335337,2.75781888002676,1.50766078256575,4.70547755047839,0.311951376629497,0.241636451881049,0.37766475114783,1.03874077754341,0.894346728526302,1.17772655181497,1,1,2.7827569097114,NaN
2010-02-01,0.0246408972701734,-0.171805515931977,0.246357598646719,-0.665494516868019,-1.50402186448342,-0.0405131035999229,0.310567937421133,0.242527610622801,0.377882031126491,1.04034066191871,0.893278301051559,1.17911002129922,1,1,-0.640853619597845,NaN
2010-03-01,0.0244007804818104,-0.172814579982173,0.247082417418517,0.277853171685506,-0.355022923192822,0.94087318199192,0.312590423832981,0.239544831692927,0.378167622085134,1.03711239595239,0.891702349771519,1.17838546272035,1,1,0.302253952167316,1.04078421880671
2010-04-01,0.0242542778807831,-0.173695374573171,0.24715296795784,1.19510183282219,0.47269783049983,1.93703681815302,0.312800284078369,0.238253396930219,0.378824121826518,1.03665597497076,0.894514302442838,1.17884643155457,1,1,1.21935611070298,NaN
2010-05-01,0.0247018884098545,-0.174012202555543,0.248529976017763,0.0399223557687943,-0.491224428218479,0.656403729803274,0.312070630274065,0.239014167665629,0.383181295641658,1.03578433569186,0.891066196617193,1.17639247807968,1,1,0.0646242441786488,NaN
2010-06-01,0.0241317693523925,-0.173361866145425,0.248497622104747,0.489851514876782,-0.147245077752289,1.05589266335372,0.311245521559161,0.237922511531647,0.383296773737854,1.03582632494336,0.885862254152321,1.17711652518796,1,1,0.513983284229175,1.59500139737294
2010-07-01,0.0244733660494298,-0.173534114714536,0.248585747772999,1.510592983173,0.841646629824853,2.31031504719493,0.31309007427841,0.23874667545386,0.383834776143425,1.0357525510802,0.886483400145927,1.18063304604468,1,1,1.53506634922243,NaN
2010-08-01,0.0244054501029578,-0.173108025644895,0.248548435929308,-0.54202660849188,-1.24986532964422,-0.0339809139635406,0.313645873115708,0.236078407396314,0.380958432276927,1.03628540987131,0.88764467265911,1.18183893761168,1,1,-0.517621158388922,NaN
2010-09-01,0.0231807885888404,-0.172664383706987,0.248121940612943,0.329908454673613,-0.150467591501088,0.959719513222768,0.316759578254762,0.237315940800835,0.381813857371197,1.03820271083771,0.889136427179109,1.17936292518174,1,1,0.353089243262454,1.5719254121392
2010-10-01,0.0238617800488614,-0.171922819395637,0.248422141137797,1.92025592044745,1.04544069613423,3.02755670758206,0.315856905117898,0.238223040141549,0.381686752223733,1.0383082408235,0.892402160922346,1.179644327747,1,1,1.94411770049631,NaN
2010-11-01,0.0245391538828231,-0.171777175533473,0.248724722598458,-0.560940671074894,-1.26252573666519,-0.0891160538920137,0.314640492190495,0.237045223452773,0.382274742629488,1.03686114065324,0.891897729108094,1.18049578971547,1,1,-0.536401517192071,NaN
2010-12-01,0.0237325224137342,-0.171367071781161,0.249740663495764,0.42837535642168,-0.123979670905063,1.01711824381352,0.313201229638037,0.235891043522774,0.381304272434476,1.03826504206344,0.889990293589949,1.18686033680547,1,1,0.452107878835414,2.24982105894416
2011-01-01,0.0235833415017841,-0.172832988802783,0.249752991943374,1.47339072922388,0.763351354072959,2.27464337781417,0.314158533534252,0.236056175798589,0.379877243801776,1.03755170134763,0.888663266008993,1.18971329691238,1,1,1.49697407072567,NaN
2011-02-01,0.0242537352581129,-0.172068931233388,0.251177407143414,-0.557968902664121,-1.22789247715778,-0.0688994187836655,0.315999015700546,0.23517412888789,0.379183793557769,1.03911782091715,0.890057375648698,1.1895865773124,1,1,-0.533715167406008,NaN
2011-03-01,0.0234172207680313,-0.174241089028267,0.251108539991562,0.317129668840521,-0.207023344985937,0.935888226227899,0.314995000644482,0.236789666868392,0.377054160685836,1.03844071820057,0.891836447599113,1.18244892829328,1,1,0.340546889608552,2.57492053882244
2011-04-01,0.0231539419408568,-0.173449564247539,0.250342745379576,0.463339336593317,-0.126782597095123,1.08425804059115,0.318509655717,0.238351620872658,0.379870381276107,1.03169453039609,0.893274978732585,1.18367794407908,1,1,0.486493278534174,NaN
2011-05-01,0.0231841598339465,-0.173008775376765,0.250441780740617,-0.672390565184448,-1.15445069107049,-0.140581807958248,0.317629864474141,0.232365902453435,0.379320765384332,1.03043375675659,0.894256743359891,1.18693216624972,1,1,-0.649206405350502,NaN
2011-06-01,0.0228983380814045,-0.173959066675127,0.250594215650142,0.446070831680286,0.0136516344364851,1.04924352366917,0.317756026470952,0.23544567548343,0.378014255239573,1.02951010049063,0.894684296179201,1.1807420555219,1,1,0.468969169761691,1.41652987070477
2011-07-01,0.0237580959584551,-0.174294871731454,0.251181850281721,0.424379787275876,-0.0750873866094269,0.980020821384727,0.316527208208955,0.234753691228871,0.38149542144638,1.03276920223449,0.896743132174976,1.18340370310778,1,1,0.448137883234331,NaN
2011-08-01,0.024594964245972,-0.174042454240677,0.25060242140841,-0.779522625419747,-1.44330827029893,-0.246004322411059,0.314472394229918,0.236794662699002,0.382978978163186,1.0306897916718,0.899070118515935,1.18080692765579,1,1,-0.754927661173775,NaN
2011-09-01,0.0238504379143484,-0.175016170003686,0.249894845581281,-0.983873409786905,-1.86385150721632,-0.348096977568876,0.315483542573579,0.235400852107948,0.382994564026131,1.03029828816076,0.896659811248906,1.17702139023486,1,1,-0.960022971872557,1.30944803128126
2011-10-01,0.0247709599332988,-0.174453275212419,0.250732557299427,-0.286564234178104,-0.875442835578355,0.264885777795831,0.316540724171023,0.236289042440778,0.38064418942023,1.02836518330575,0.892147337839856,1.17801182721313,1,1,-0.261793274244805,NaN
2011-11-01,0.0256337537954429,-0.172887796801611,0.250298763437943,0.0185535853371137,-0.548754078425134,0.654965908288479,0.316018222721901,0.236194039219377,0.378970642151453,1.02869118967747,0.891554119005264,1.17692610700314,1,1,0.0441873391325565,NaN
2011-12-01,0.0256263104590283,-0.17234804485476,0.249590351343117,-0.0753480447332001,-0.612427781881098,0.435794422243821,0.314310394019746,0.238017461030909,0.375788107327839,1.02838026418735,0.888993862229997,1.17878063030061,1,1,-0.0497217342741718,-0.016156538910328
2012-01-01,0.0259536462308713,-0.171345857888741,0.249092004108405,-0.0414995272377418,-0.496293567760934,0.403200993534581,0.31523730837051,0.239015539245376,0.377914935668505,1.02760239310323,0.889861600754689,1.18260966275179,1,1,-0.0155458810068706,NaN
2012-02-01,0.0254775512831886,-0.170802640357845,0.249254992368126,-0.315846922297406,-0.857639112776021,0.220250012406368,0.31412043534432,0.238081556901157,0.379815490985081,1.02869558650223,0.891010944823359,1.17805326331887,1,1,-0.290369371014217,NaN
2012-03-01,0.0247640465936211,-0.170814413485505,0.250007198145918,0.00981342621007126,-0.539925704554784,0.580458218709944,0.31386273904754,0.238277465292596,0.378935459116136,1.02858568817273,0.885675355966355,1.17431531355215,1,1,0.0345774728036923,0.687661591496691
2012-04-01,0.024192360397938,-0.170800342619373,0.249643782504639,-0.246384757594195,-0.777686753896275,0.234092676355759,0.312917683866776,0.234453362383333,0.378959837884425,1.03134915371054,0.885394534260888,1.17544276868374,1,1,-0.222192397196257,NaN
2012-05-01,0.0239217568138678,-0.169764402168714,0.249943346878036,-0.271748597966833,-0.827441310958607,0.209612378060307,0.31336898059081,0.236057437812125,0.379381005026782,1.03190059695314,0.886061064714206,1.17440715916392,1,1,-0.247826841152965,NaN
2012-06-01,0.0236650637641822,-0.169931730868698,0.249935749994388,0.286568221708552,-0.328561561908142,0.817551790169289,0.311662586412004,0.234056586875802,0.380551426139633,1.03111879846282,0.884587261986466,1.1764523818238,1,1,0.310233285472734,1.66194119010683
2012-07-01,0.0233440403817906,-0.169501664754644,0.249553050326429,-0.428566232628509,-1.09127393016965,-0.0294257781712298,0.311751384539433,0.235048257686557,0.382065549765642,1.02981674359975,0.888003516691181,1.18116060871608,1,1,-0.405222192246719,NaN
2012-08-01,0.0230423168016617,-0.170408204292099,0.24915373148541,0.234720004191178,-0.325973470920942,1.03844081565516,0.312989703149437,0.234226072057794,0.380371321926009,1.02888897312729,0.88845636809572,1.17727921963646,1,1,0.25776232099284,NaN
2012-09-01,0.0229488009329893,-0.170593364768435,0.249543635079451,-0.0885784783504053,-0.610936384426781,0.500574623247639,0.315444657781542,0.2362022704008,0.378720788455037,1.0296199582783,0.88378560585219,1.17781305528431,1,1,-0.065629677417416,0.836680640578136
2012-10-01,0.0222591100080333,-0.171214792517735,0.249785581126005,-0.942883130046782,-1.56107124491197,-0.388989933981752,0.313368083390792,0.237537057387705,0.380933309107039,1.02748285366452,0.888024856486867,1.17668164557514,1,1,-0.920624020038749,NaN
2012-11-01,0.0227016616879746,-0.170152907650108,0.249466081524058,0.21671711772665,-0.271134618381916,0.802375845024787,0.314988277542675,0.236411710544057,0.383793721486333,1.02537716494522,0.886729323858187,1.17541937080483,1,1,0.239418779414624,NaN
2012-12-01,0.0224605870546729,-0.170883117919183,0.248482467496817,0.675583114844011,0.160313816599005,1.38330870600355,0.315320869737072,0.233506785928483,0.385764805820738,1.02501956035491,0.8874069810116,1.17753537159214,1,1,0.698043701898684,1.05413303645978
2013-01-01,0.0222481209620973,-0.171957418698298,0.248562145881662,-0.589468177545546,-1.15197632458212,0.0490918724256104,0.315037813375724,0.234344561139437,0.38244094891399,1.02596542401979,0.887556124939187,1.17570635898107,1,1,-0.567220056583449,NaN
2013-02-01,0.022599898832508,-0.171830999318965,0.248712376203496,-0.28801023180821,-0.980813362364775,0.232957955150715,0.315630909847157,0.234976643635798,0.386834212412917,1.02578830062491,0.885267188531823,1.17827758872912,1,1,-0.265410332975702,NaN
2013-03-01,0.0240292715358735,-0.172483826811931,0.248784052534217,0.544407658975723,-0.0627741781973949,1.23498047133862,0.31410693477883,0.234507879925717,0.385073475577585,1.02099928413887,0.886185095698325,1.17677345069331,1,1,0.568436930511597,0.375253898853578
2013-04-01,0.0239831971963038,-0.172150234807117,0.248469845066495,-1.3166600220515,-2.38448592959478,-0.635440472452292,0.315651921324367,0.235143788154096,0.383845344341497,1.02653314530825,0.884079869955314,1.17747328378099,1,1,-1.29267682485519,NaN
2013-05-01,0.0241821782679578,-0.17255741999846,0.247938094605955,0.979152635022788,0.288377875534113,1.5797643966691,0.314830868417907,0.235573541259116,0.384107319688159,1.02763551867578,0.88693776984525,1.18106328687519,1,1,1.00333481329075,NaN
2013-06-01,0.0243451621600651,-0.173139768372005,0.248105355394525,-0.659026691491758,-1.39326500070013,-0.145742743366318,0.311680430883676,0.233511003825369,0.387756098772397,1.02638481600505,0.885503851395265,1.17870753301352,1,1,-0.634681529331693,-0.202359720126222
2013-07-01,0.0243201486630317,-0.172971742219564,0.247711133481333,-0.198325465564456,-0.814614415968762,0.374313844590012,0.313457269253889,0.232788364901668,0.38570700671223,1.0240309255608,0.888843598473192,1.17521965401102,1,1,-0.174005316901425,NaN
2013-08-01,0.0240172362044777,-0.172310553453023,0.247243274203138,0.38946196353237,-0.292398831269463,0.980117261028128,0.311941936625448,0.231373378475504,0.38544499609242,1.02263825867427,0.888182067064535,1.17688310912784,1,1,0.413479199736848,NaN
2013-09-01,0.0244266925797609,-0.171711059517913,0.247858766838912,-0.941112830052689,-1.65998948370418,-0.4004947400695,0.315525423707662,0.228219184920062,0.389244602495381,1.02435088373299,0.885595923802499,1.18006087890911,1,1,-0.916686137472928,-0.170120630992876
2013-10-01,0.0237135748712919,-0.171177031482868,0.248209514272397,0.199789979599504,-0.315735851059922,0.649013324315141,0.313940756198919,0.230457367628921,0.384054061125109,1.02367714116277,0.887177140247173,1.17986507380908,1,1,0.223503554470796,NaN
2013-11-01,0.0238579083584334,-0.171774665172245,0.247696973961002,-0.377154617337423,-1.04026404501108,0.10147912724075,0.316415487113146,0.233404675255693,0.38530409138871,1.02313914922004,0.885092703218639,1.17709335113126,1,1,-0.35329670897899,NaN
2013-12-01,0.0247529994784226,-0.172420014578227,0.247858851204913,-1.60742508199529,-2.75783175399718,-0.842339592242254,0.314983030492452,0.234784244447664,0.38314905472217,1.02037188279544,0.886503268716063,1.17414183415077,1,1,-1.58267208251687,-0.125656252689565
2014-01-01,0.0246372395540875,-0.172592111210213,0.247150355010457,1.11669024013504,0.611644265890946,1.97965059465531,0.31324747854688,0.234659540684282,0.383810656422108,1.02181266509729,0.878393916521529,1.17771792590723,1,1,1.14132747968913,NaN
2014-02-01,0.0251412878981411,-0.172599279269223,0.246457806500846,0.0150639802098519,-0.600088429910927,0.56432449419181,0.313865962639729,0.232944099755779,0.388219432790117,1.02052956780224,0.878627451514498,1.17194088290903,1,1,0.040205268107993,NaN
2014-03-01,0.026419635346125,-0.173940640361603,0.247038583398092,-0.738787416449101,-1.32082428351579,-0.164208594501793,0.312385344778169,0.234924836358843,0.386269144154434,1.01694923079704,0.879650215132405,1.17245368147068,1,1,-0.712367781102976,1.88032125745408
2014-04-01,0.0266493069192887,-0.174171953828388,0.247638482969711,0.0160227419023777,-0.488597612092387,0.632825382008106,0.313266562852037,0.235145655925621,0.391114091149527,1.01575293980388,0.880215268767417,1.17539051941873,1,1,0.0426720488216665,NaN
2014-05-01,0.0260807846595416,-0.174542282908589,0.246949585207713,0.399842221961038,-0.0317961660034801,1.04908700536912,0.310509774644788,0.235801028480795,0.391635903644603,1.01761786401437,0.879723827370344,1.17609189394516,1,1,0.42592300662058,NaN
2014-06-01,0.0260887131999032,-0.174764197141439,0.247454920197632,-0.689566886832917,-1.3060911094232,-0.122364964530367,0.311436884667113,0.237197863208315,0.39073710016032,1.01536539170982,0.883274276796341,1.17589466390873,1,1,-0.663478173633014,0.483819126080554
2014-07-01,0.0249929010223136,-0.176156076176072,0.247348505252876,0.15248217628882,-0.299648294803368,0.771675056176242,0.311430274447018,0.235965216718138,0.387916135078303,1.01865661052672,0.882600162711781,1.1730616696775,1,1,0.177475077311134,NaN
2014-08-01,0.0255039960325312,-0.17567616652143,0.248345661872144,-0.268802503784084,-0.966322438693236,0.275253206134376,0.314048340858296,0.236381570845286,0.389563886709105,1.0164683290161,0.886355365407923,1.17538142670565,1,1,-0.243298507751553,NaN
2014-09-01,0.0259405836539454,-0.175633876880886,0.248134708896088,-0.774203935268815,-1.33755564038861,-0.31516722844174,0.316091690219438,0.236814139505216,0.390128666346405,1.01391483937421,0.886557631008586,1.18123752883821,1,1,-0.748263351614869,1.27611575952458
2014-10-01,0.0261456623436421,-0.174100891740946,0.248315442710181,0.0309297979731677,-0.571602781938148,0.654852484702676,0.314619376487224,0.236080054148848,0.3891069080255,1.01241194617791,0.888269452095703,1.18080877457353,1,1,0.0570754603168098,NaN
2014-11-01,0.0260889687297244,-0.175245312392149,0.248007632834544,0.153116577315,-0.30420519729007,0.852200978930293,0.314983835648365,0.237428144325047,0.391257180158677,1.01557245917252,0.886779182094187,1.18295672030983,1,1,0.179205546044725,NaN
2014-12-01,0.0264200390038824,-0.17587743229925,0.248358668662368,-1.30940471757025,-2.09953933698765,-0.578687006803574,0.31285744996113,0.235386312428648,0.39390697142208,1.01511746595399,0.886338022593939,1.18204200952626,1,1,-1.28298467856637,1.61078511228951
2015-01-01,0.0271207098205082,-0.175884410720765,0.248543170083239,-0.53313865036577,-1.57727983995415,0.0781779027497628,0.315684225888981,0.232574209278461,0.394245841112434,1.01857642198198,0.88293492524516,1.17951602873164,1,1,-0.506017940545262,NaN
2015-02-01,0.027276562113524,-0.176126155790927,0.248734919090865,0.00448355948847678,-0.51431539613729,0.53920249036101,0.314917127715159,0.233666339174715,0.395403478258914,1.01718932027698,0.880725511626873,1.17958598765129,1,1,0.0317601216020008,NaN
2015-03-01,0.0269688980420471,-0.176474335579384,0.248247549396162,-0.980663444675778,-1.69058884953474,-0.512766643414742,0.315962279029372,0.233148497645045,0.393420382043695,1.02028444618238,0.880665779016916,1.17623981291649,1,1,-0.953694546633731,-1.44946503942677
2015-04-01,0.0264865762280814,-0.176461426368947,0.248688320294812,0.451629937994064,-0.119974294757851,1.0686183309642,0.316325358534689,0.233874452383491,0.392713049193873,1.0189280462779,0.879708185644026,1.17676531786971,1,1,0.478116514222146,NaN
2015-05-01,0.0265678320447246,-0.176115289980489,0.248781818822978,-0.0663748366976823,-0.522664182735881,0.449860932843324,0.311380986485303,0.230856197394267,0.394818464258328,1.02342206071422,0.878780132131155,1.17768797041343,1,1,-0.0398070046529578,NaN
2015-06-01,0.0267348883338953,-0.176357178409447,0.248075561162088,-1.03816504251486,-1.74759776532574,-0.437536190462669,0.312925645016678,0.231688041992194,0.392563569831112,1.02341371915266,0.881271919334837,1.17799393586178,1,1,-1.01143015418096,1.89077025232403
2015-07-01,0.0268794142139836,-0.176035587632027,0.247917707033936,0.432507527830966,-0.0141592129295217,1.07950269166627,0.314080663507757,0.230368135026002,0.395690077626749,1.02537460629708,0.87606200465636,1.17467361823705,1,1,0.45938694204495,NaN
2015-08-01,0.02691187464648,-0.176335523303569,0.248294045933735,-0.339415147915211,-0.894240471325416,0.135892380509886,0.311390530984681,0.229868658035856,0.391910380339378,1.0240954646268,0.87794791320313,1.17630577012278,1,1,-0.312503273268731,NaN
2015-09-01,0.0271692591820529,-0.175726708267882,0.24774517736978,-0.406128415930753,-0.947898882585366,0.159414909785131,0.309751243429949,0.233142856535692,0.39171075306595,1.02564658921964,0.874983915852595,1.17606885631027,1,1,-0.3789591567487,0.80809397350885
2015-10-01,0.0266929038065803,-0.174656940360916,0.24796152966771,0.438151333663922,-0.102973384408952,1.09721212130039,0.309194101508597,0.236072692435242,0.392142849452696,1.02110057252137,0.877489305715782,1.17984532752363,1,1,0.464844237470502,NaN
2015-11-01,0.0277922520817441,-0.174793121918877,0.248229639487074,-1.54868479792469,-2.6183151759487,-0.831988068587442,0.310013627222228,0.234125640463312,0.393802418085468,1.02092623660768,0.881292434392113,1.17362815214067,1,1,-1.52089254584294,NaN
2015-12-01,0.0280352186385086,-0.174731181722152,0.248613907624805,0.24909556952314,-0.411622894163725,0.894685894238563,0.309358396800822,0.235161283266949,0.392971751143246,1.02279370612037,0.87942096782074,1.17068135089199,1,1,0.277130788161648,-0.151919191919181
2016-01-01,0.0278181628391512,-0.174102961070854,0.248871773784911,1.0314583287562,0.28044047753066,2.13767269365033,0.311730341020504,0.232435001180261,0.395373360633205,1.01885985003512,0.876812902348597,1.17557067391696,1,1,1.05927649159535,NaN
2016-02-01,0.0280762400942699,-0.174088549645347,0.249274399685338,-0.779843458060177,-1.68951306174133,-0.140297019126905,0.312672678201936,0.23083015644012,0.39470962605462,1.01653651955572,0.876299890506213,1.17577407400524,1,1,-0.751767217965907,NaN
2016-03-01,0.0283402017461652,-0.173771586737991,0.248677588976411,-0.110873605686056,-0.743792936178486,0.467980115301083,0.31354875325235,0.229561548509105,0.396473720983375,1.01473907149942,0.877408106597107,1.17623623813438,1,1,-0.0825334039398904,1.57815509622699
2016-04-01,0.027909477855019,-0.173737640895479,0.248015966648452,0.357731814626644,-0.288948054234995,1.31929343095533,0.31435405886,0.228497314529776,0.396350199804865,1.01651783140816,0.87917490126338,1.17459367969022,1,1,0.385641292481663,NaN
2016-05-01,0.0285124811607937,-0.174052856433216,0.247590167219631,-0.748615146219501,-1.65238222538397,-0.128384477471373,0.314152554628173,0.229249243072299,0.395446186458952,1.013256986449,0.88140977951638,1.17517888709305,1,1,-0.720102665058707,NaN
2016-06-01,0.0280109569280631,-0.174521271342416,0.247255828579589,0.0288301646581981,-0.498372060112886,0.599622899409592,0.313551551988726,0.228712305696085,0.395313420868346,1.01634189341906,0.878841888899608,1.17852252852326,1,1,0.0568411215862612,-0.223086238766013
2016-07-01,0.0280838472114441,-0.1744077830424,0.24636667581786,1.10493302862645,0.306857523329937,2.1592331067821,0.313162412234804,0.229283429361243,0.394074255740999,1.0156550608124,0.876703378642192,1.17487764885138,1,1,1.13301687583789,NaN
2016-08-01,0.0286941836221222,-0.173916818615392,0.24635267101258,-0.0135210532094764,-0.58918949412397,0.592011306007917,0.312547693259151,0.22782357137272,0.394951021839681,1.01418535422051,0.881387915916288,1.17463954155495,1,1,0.0151731304126458,NaN
2016-09-01,0.0276859997235075,-0.173127361895707,0.246547382897353,0.531563957448559,-0.0792068523964159,1.14536890129875,0.313198769020072,0.229410142112789,0.394534471846296,1.01754269082531,0.880937689979366,1.17331148810796,1,1,0.559249957172067,1.07001405391594
2016-10-01,0.028025544415016,-0.171826407705664,0.245531323664134,0.570172976341445,0.0847576392917089,1.07324697901012,0.312427477075856,0.231570553471518,0.394568018666639,1.01972125023866,0.884165917761637,1.17651876697677,1,1,0.598198520756461,NaN
2016-11-01,0.0284848848132382,-0.170932825325455,0.246188907847982,-0.488576405670474,-1.14263479625199,0.0546098322745425,0.314907476620193,0.234511709107143,0.393906331960629,1.01847052204271,0.879243074821379,1.17237730601211,1,1,-0.460091520857235,NaN
2016-12-01,0.0283782053297224,-0.170256318340714,0.246451193161357,0.0805114079917764,-0.387333402154775,0.727192054952813,0.315058766789738,0.235053008252185,0.39219674627039,1.01643757958976,0.88022349631099,1.17377901045555,1,1,0.108889613321499,1.20879815441013
2017-01-01,0.0284538049470003,-0.17024891093,0.247401619875608,-0.323125748270524,-0.9339009233888,0.156502407874456,0.315526037715388,0.236211350181992,0.396043359162924,1.01655567200688,0.879755662357254,1.17614660333574,1,1,-0.294671943323523,NaN
2017-02-01,0.0278193603890107,-0.171473635578552,0.24753089256167,0.683172044908599,0.114017860277232,1.30098214025421,0.31729985702038,0.236174798724838,0.393194753340732,1.01599744505854,0.879161188095117,1.17683703039591,1,1,0.71099140529761,NaN
2017-03-01,0.0281358404194415,-0.171438926616151,0.247492426015265,0.688109550885783,0.162879340720621,1.40326343925049,0.314065733471926,0.233374231129593,0.394128091977929,1.01370663582817,0.874471102574437,1.17835022536834,1,1,0.716245391305225,1.98591747201449
2017-04-01,0.0276074030088727,-0.171543061110406,0.247527464711557,0.522754769600454,-0.0851308596115443,1.0883673931127,0.315814129464318,0.234221052764188,0.3968625300012,1.01543457508343,0.877901129143843,1.17923474607777,1,1,0.550362172609327,NaN
2017-05-01,0.0268897551925495,-0.171576854192841,0.247544194463565,-0.2078378676416,-0.843852598076569,0.287620932549549,0.315170924862704,0.232506591611435,0.395004762042431,1.0162252222326,0.873687858987316,1.17494086596289,1,1,-0.18094811244905,NaN
2017-06-01,0.0263336154649406,-0.170904315497288,0.247218431756976,0.301121019879957,-0.259409866288937,0.882001024507217,0.314725587137342,0.235656979030294,0.397204054509647,1.01638126077256,0.871142591755438,1.17670269574736,1,1,0.327454635344898,1.70996433109318
2017-07-01,0.026513686507309,-0.17092420863782,0.24701922471536,-0.439287125770868,-0.99153356205329,0.137311998832432,0.317579753129215,0.2351620200938,0.395513923185188,1.01389288239868,0.868630786175665,1.17638523105759,1,1,-0.412773439263559,NaN
2017-08-01,0.0266994773614634,-0.170258102764061,0.248448952763614,-0.323338046952929,-0.921692211299634,0.186432646091567,0.313367075831527,0.23432281089889,0.395202073602901,1.01625007910856,0.868233902066808,1.17630690013585,1,1,-0.296638569591466,NaN
2017-09-01,0.0267466925480477,-0.170459301785414,0.248601646623024,0.731484319867711,0.313376467315628,1.32773869343925,0.315786078200117,0.234612697069405,0.396014885026124,1.01354657059832,0.869530473570965,1.18229590501987,1,1,0.758231012415759,0.398856110776635
2017-10-01,0.0262313053445952,-0.169883990523132,0.248730562913743,-0.131207371073958,-0.65598695865887,0.423021281131431,0.315878550303161,0.238210033933843,0.394848352454479,1.0173392568959,0.863604494111544,1.18152991272472,1,1,-0.104976065729363,NaN
2017-11-01,0.0255956294179434,-0.170664697157072,0.248731280039213,-0.157077911155163,-0.816557059767278,0.317564192084829,0.317452064437407,0.238000480167515,0.394161595369619,1.01545601701245,0.864174779129542,1.17940535219193,1,1,-0.13148228173722,NaN
2017-12-01,0.0265011350691479,-0.17010216951433,0.249251740129072,0.339628426579231,-0.157985787326341,0.986653073323189,0.317285763628878,0.240169905685676,0.392949402325611,1.01430163128868,0.865691753588999,1.17657353793213,1,1,0.366129561648379,1.4421707518177
2018-01-01,0.0264017795458722,-0.17057935523353,0.249842189809311,-0.312082377627413,-0.840486062417718,0.171509791583191,0.319623476772368,0.239965271138837,0.399710324508754,1.01218705872695,0.868380681195959,1.17454691854539,1,1,-0.285680598081541,NaN
2018-02-01,0.0262371693393988,-0.170240781301821,0.250218736034709,-0.232686940929906,-0.937175038294309,0.268550442334137,0.318828365407052,0.241244088972054,0.396893032541569,1.0120645126695,0.866266016050957,1.1748326912823,1,1,-0.206449771590507,NaN
2018-03-01,0.0262544052296497,-0.170523918544765,0.249774864473898,1.04706996824385,0.427869675315778,1.70439162553588,0.318048162240177,0.240457525688416,0.399762418435001,1.00977284722513,0.868169879476838,1.16746299873481,1,1,1.07332437347349,0.635464849926848
2018-04-01,0.0269365466508877,-0.170962476118579,0.249549347359373,-0.187078370322336,-0.693236211340184,0.447403134897458,0.318194459952139,0.239422423763993,0.397134437354251,1.01130704065126,0.875655318922321,1.16834930231606,1,1,-0.160141823671449,NaN
2018-05-01,0.0255522163107116,-0.170109825192961,0.250146694899825,-0.134783510576284,-0.689051503889974,0.515070744581491,0.32138955622545,0.240348656254187,0.397054546356131,1.01103269958072,0.879040421009049,1.17072024544202,1,1,-0.109231294265573,NaN
2018-06-01,0.0244868212496182,-0.17061958303438,0.249710522320535,0.0793522480756021,-0.426065868544239,0.599117099076743,0.319982910377706,0.239568712294992,0.398262705274533,1.01033933385612,0.878592282503864,1.17287586325467,1,1,0.10383906932522,0.986827613551244
2018-07-01,0.0242743718036466,-0.170750966645232,0.249462987297835,0.0613295044879857,-0.434454519709454,0.710755375613747,0.319220346263058,0.240467397240339,0.398330446311564,1.0097596079612,0.877652673889059,1.17566410524304,1,1,0.0856038762916323,NaN
2018-08-01,0.024889012384972,-0.171491184944197,0.249423097232866,0.129921964937057,-0.41593200749023,0.714496055869886,0.318617518368788,0.239676546137747,0.397148994242563,1.0112007452935,0.8797704150357,1.17276530329288,1,1,0.154810977322029,NaN
2018-09-01,0.0242574917345767,-0.172483527085584,0.248761781569214,-0.596101979548004,-1.32345581783822,-0.110941194792376,0.320808781576788,0.240000946084848,0.397712472129987,1.01389319141735,0.878707793372174,1.17263000460328,1,1,-0.571844487813428,0.728525934650803
2018-10-01,0.0244480140380563,-0.173200383037849,0.248260178174071,-0.284395607329817,-0.920036539508719,0.280235588992713,0.31994634945241,0.239097824970834,0.399710463596456,1.01238400263252,0.874754176652965,1.17487245009804,1,1,-0.259947593291761,NaN
2018-11-01,0.024877783931059,-0.172784895554638,0.248236750169889,0.109104955256687,-0.453945204335885,0.726618651189251,0.319052678320264,0.244814001769648,0.401862341564686,1.01155395801583,0.871850356026248,1.1760565492186,1,1,0.133982739187746,NaN
2018-12-01,0.0250410781808021,-0.174403499200589,0.248578526167265,-0.136162803084378,-0.727116128260999,0.459626745533173,0.319894420501328,0.240187723902576,0.406076062971765,1.00767251449795,0.872080649356396,1.17700789754136,1,1,-0.111121724903576,0.977335065685003
2019-01-01,0.0239829371584538,-0.174531048494755,0.24847581480435,-0.467978653179148,-1.1811926648645,0.299512771705673,0.321566423987516,0.240107334543074,0.405384109256209,1.00905948237462,0.874344928344743,1.18033758011581,1,1,-0.443995716020694,NaN
2019-02-01,0.0238966071640905,-0.174571683615675,0.248759642849251,-0.321274080286685,-1.12737402793298,0.33617680656793,0.32394504008968,0.242092049329269,0.407666478317289,1.00988468566896,0.872105789885871,1.1842015743539,1,1,-0.297377473122594,NaN
2019-03-01,0.0238708592957591,-0.17294407383329,0.248895389485664,-0.707207857197676,-1.3985825566396,-0.153129487039731,0.324570703511983,0.241414793538337,0.406479163565889,1.0096406487147,0.874793394081417,1.18269552900129,1,1,-0.683336997901916,1.9200251619083
2019-04-01,0.0240949255240369,-0.172312120375674,0.248359632793951,-0.315351144618387,-0.916367170209851,0.205442075616353,0.324029674547645,0.244180020632291,0.40508188230021,1.01287579995112,0.876494692427422,1.18106859114848,1,1,-0.29125621909435,NaN
2019-05-01,0.0244896677847556,-0.17234062016622,0.247952715938497,-0.653123041389089,-1.39819181114378,-0.11824914212737,0.32433474650547,0.243902431153139,0.406821133515142,1.01012036553832,0.874588615607128,1.18475807697188,1,1,-0.628633373604333,NaN
2019-06-01,0.024910726302815,-0.172926229397759,0.2485804673006,-1.88213462267522,-3.07249031606946,-0.977247166976992,0.325954950357223,0.248414320949283,0.402500394265314,1.01150672185978,0.875606188971439,1.18439895929111,1,1,-1.85722389637241,0.171131996072371
2019-07-01,0.0241096844614617,-0.172778451943442,0.248121409519856,-0.877724740687811,-1.68635383919185,-0.314847786461808,0.32466360073373,0.246743261582872,0.400557388650435,1.00916814620873,0.878361109013257,1.18750666586807,1,1,-0.853615056226349,NaN
2019-08-01,0.0248611069645022,-0.173320502571642,0.248688749230067,0.410349627382726,-0.234478263585028,1.21947792772721,0.324115743982685,0.246742250461003,0.404336968630394,1.00920446695226,0.880786847511373,1.18790640718151,1,1,0.435210734347228,NaN
2019-09-01,0.0249611764780885,-0.172849512927019,0.248347450575659,-0.671019028752305,-1.4659104795918,-0.126646999629651,0.325209172134596,0.248288384341618,0.406472970096293,1.01014213198057,0.880036353862706,1.18640810485984,1,1,-0.646057852274217,0.200246457178066
2019-10-01,0.0244441795122513,-0.172795030535823,0.248466803251786,-0.677614057526355,-1.40045708643106,-0.145283468085488,0.325053656532504,0.24552290541072,0.409099165901589,1.01140552518429,0.880816656653149,1.19197934999905,1,1,-0.653169878014104,NaN
2019-11-01,0.0238121633684704,-0.173091196972179,0.247909699329661,-0.142296119863738,-0.93735884891451,0.542450144952266,0.323877325167865,0.246751659354807,0.407761314558352,1.01479412638018,0.880539575724081,1.19376659431228,1,1,-0.118483956495268,NaN
2019-12-01,0.0234836411490979,-0.17330973228105,0.24803953008556,-1.37863338421191,-2.27439360040739,-0.549194357129481,0.324286810756532,0.244267425132233,0.40891863073873,1.01069807103996,0.880133070754961,1.19140755677605,1,1,-1.35514974306282,0.533855076514578
2020-01-01,0.0240784710146824,-0.172103632828358,0.24824170529494,-0.55643277593989,-1.3990793017672,0.0493303812806558,0.324909425502167,0.24500844367666,0.410024283650637,1.01412656768761,0.881080973871738,1.19182450844379,1,1,-0.532354304925208,NaN
2020-02-01,0.0243551229285309,-0.172912058851394,0.249138350394426,-0.190517425356387,-1.25136168876987,0.804683545325807,0.325736635385676,0.242721841067411,0.408029464301325,1.01129628918457,0.883159726815505,1.18856979079715,1,1,-0.166162302427856,NaN
2020-03-01,0.024212051067376,-0.171481172895135,0.24867523428214,-0.890748459409736,-2.45820466226521,0.195249248230573,0.328128983218973,0.240374697188847,0.408801566329379,1.01122584522225,0.885491568484195,1.19178794581313,1,1,-0.86653640834236,-1.79879616886998
2020-04-01,0.0239339855505434,-0.171414885792619,0.248374454343101,-2.36862453074234,-5.90459219861965,1.41504052573452,0.326959792703459,0.241853535327145,0.408467302925827,1.01132882549684,0.885723641956311,1.18980646801469,1,1,-2.3446905451918,NaN
2020-05-01,0.0233927016215506,-0.171999147715282,0.248612257981238,-3.54210229199234,-6.62333836111839,-0.414875967994487,0.328756938997005,0.243581771344255,0.408518967340664,1.01260886002542,0.891358859973843,1.18821053729863,1,1,-3.51870959037078,NaN
2020-06-01,0.0232770154842812,-0.171772871821037,0.248214410221132,-1.07023309896991,-2.94784204476062,1.01669621228903,0.32933614913843,0.244265745054922,0.41412950313791,1.00881742474044,0.888077142449626,1.19146632600905,1,1,-1.04695608348563,-5.03234573843127
2020-07-01,0.0231393557829744,-0.171283863762808,0.248037066513818,0.168190207739776,-0.998065551190148,1.62576814849616,0.333471088661572,0.244589019306064,0.42231829198046,1.0118520504861,0.880102517140797,1.19118572940453,1,3.5765306122449,0.19132956352275,NaN
2020-08-01,0.0231109708839561,-0.170298870811275,0.248943078153001,-0.345484691204831,-1.12436106842614,0.543951097466643,0.333701320524542,0.242182513023361,0.422475186788874,1.01111313852856,0.883086725880767,1.19255130665083,1,1,-0.322373720320875,NaN
2020-09-01,0.0231790743835071,-0.17046790267892,0.248644358999162,-0.307304981994272,-1.08852906748731,0.50607758853083,0.331717645936633,0.245645816507761,0.42608206806448,1.00952641194896,0.886260323161914,1.19193786417372,1,1,-0.284125907610765,4.40466253279275
2020-10-01,0.0229032528850526,-0.169063047027864,0.248223434240903,0.990406678346284,0.153471693938976,2.08638795261364,0.332070058791586,0.24529684015233,0.42632174164351,1.00677123485052,0.886424210039457,1.1892321109646,1,1,1.01330993123134,NaN
2020-11-01,0.0236569875820932,-0.168860788656572,0.248094089063984,-0.319480675703393,-1.24733215573613,0.381130425705554,0.333592480497998,0.248844021395954,0.427031543188663,1.00546643774239,0.887188350348064,1.18724448090977,1,1,-0.295823688121299,NaN
2020-12-01,0.0235777659306763,-0.169058448937886,0.248821868710884,0.849260530240979,0.0375645937635124,1.75331981908446,0.335774329999245,0.247642656849095,0.426180559378118,1.00819770186149,0.886077742693811,1.18818643729029,1,1,0.872838296171655,1.80460574218693
2021-01-01,0.023279926020662,-0.168853512687049,0.249105220574009,2.72194539543275,1.61665216803668,4.43139156129938,0.332902252384531,0.248010770425258,0.426928882799732,1.00676234689171,0.886267749038983,1.18740428480616,1,1,2.74522532145341,NaN
2021-02-01,0.0233854762594112,-0.169103283711694,0.249663548571834,0.39782799108796,-0.621612488435807,1.37876568453135,0.336371704748332,0.248804602908586,0.426198010858601,1.00724207224272,0.884665228642199,1.18937471355976,1,1,0.421213467347372,NaN
2021-03-01,0.0237610739949687,-0.168354056893013,0.250141359539398,0.183115153970102,-0.622746933577939,1.0113195784175,0.336075591846574,0.248692476859376,0.425995063416754,1.00373002608726,0.88428375048416,1.19202764786385,1,1,0.206876227965071,3.60413423647048
2021-04-01,0.0240779919834347,-0.167899837945766,0.250892977059172,2.19474802261176,0.697657096551422,3.85192350950019,0.33539605958105,0.247175608753399,0.424498232128571,1.0057513146228,0.888057129578498,1.19305765085267,1,1,2.21882601459519,NaN
2021-05-01,0.0233052147036985,-0.167098916179422,0.251184242730476,0.054423059133982,-1.0275909747163,0.998020114624275,0.334590262397823,0.245974399722503,0.423052638850039,1.01004707150297,0.886757365499589,1.18734728485505,1,1,0.0777282738376805,NaN
2021-06-01,0.0228357055134894,-0.167908398984519,0.250900044401772,2.17497529137955,1.1127582403155,3.26289893042308,0.332220633060609,0.24576010048791,0.422252990881024,1.013674652712,0.884783900840859,1.18404664046729,1,1,2.19781099689304,2.6286936394277
2021-07-01,0.0229464323503072,-0.167780473460867,0.250794921012431,1.23957472453083,0.388511657073978,2.43655466286281,0.332554605977347,0.247994773127524,0.419476642132421,1.01764409945349,0.886609432043099,1.18740302290425,1,1,1.26252115688114,NaN
2021-08-01,0.022481373629813,-0.167982700450848,0.249961806285801,-0.613031292103152,-1.70764217376281,0.122354731488953,0.333616752357042,0.246428351310499,0.421422396051051,1.01553655054586,0.883938837086213,1.18952340092069,1,1,-0.590549918473339,NaN
2021-09-01,0.0227460118406393,-0.16851702981736,0.25003279175247,1.9852281396459,1.03662282200678,3.41578618100609,0.332872512069204,0.246075920263584,0.423759217336971,1.01420222236855,0.884262909507991,1.18871340469645,1,1,2.00797415148654,-0.403592766984517
2021-10-01,0.0219813276014728,-0.168801807565331,0.24975872941358,0.70367855367001,-0.383579305962807,1.75496460368784,0.332372869754995,0.244159443593163,0.421643639098977,1.01443737906396,0.881400918342945,1.19063450056907,1,1,0.725659881271483,NaN
2021-11-01,0.0226210419152908,-0.169285334040138,0.249411429555975,0.124505191842917,-0.642954560877993,1.17658785909025,0.330886061179638,0.244942737977358,0.419344393515951,1.01273807637829,0.884011643688811,1.18941422974251,1,1,0.147126233758208,NaN
2021-12-01,0.0229936261088156,-0.168084921043908,0.248748249503659,0.766556053443573,-0.175706426562582,1.87964528388581,0.330779722346029,0.246523760638933,0.417045695825053,1.01440278465605,0.882674583793231,1.19089980491612,1,1,0.789549679552389,1.72817925390329
2022-01-01,0.0236618523142551,-0.167771315262903,0.248724834249392,-0.309755481481457,-1.20912596221991,0.490392566377532,0.332848273546395,0.247101822859476,0.417886356228075,1.0157715444599,0.885450766265847,1.19220690726278,1,1,-0.286093629167202,NaN
2022-02-01,0.0240133720041445,-0.167353819321789,0.248300106787813,-1.2908055204393,-2.27101448218323,-0.25522023028069,0.331011062303462,0.244885320150137,0.416111032291894,1.01549697292595,0.886051589016835,1.19539193121094,1,1,-1.26679214843516,NaN
2022-03-01,0.0235358418111355,-0.166712858408692,0.248343609799555,0.670067806020146,-0.291541979699798,1.97352315337447,0.330873990502824,0.242073630487512,0.415380543469069,1.01113601443363,0.882152373532827,1.1918862297344,1,1,0.693603647831281,0.624853549949234
2022-04-01,0.0236615824992566,-0.167110926173302,0.248114832841859,0.817517214345506,0.0165376266314862,1.70840699125333,0.33111028410055,0.241544280013301,0.41824259887446,1.01509514457993,0.887141577259803,1.1906770786933,1,1,0.841178796844762,NaN
2022-05-01,0.0227063128887636,-0.167512817198001,0.248156634047206,-1.56668853499331,-2.66762192004813,-0.658769625647797,0.332850639564237,0.242715580574621,0.419500109012004,1.01382382561538,0.886951474911234,1.18843719122077,1,1,-1.54398222210455,NaN
2022-06-01,0.0225080115007682,-0.167813894874242,0.247356822288342,-0.921514669643897,-1.84053555415505,-0.073965546637298,0.33102456855661,0.24453596556729,0.420516198694028,1.01051586616024,0.885549407901057,1.18448120337116,1,1,-0.899006658143129,-1.57313255194184
2022-07-01,0.0221545574767452,-0.167226567736452,0.247034089569136,-1.45256973407979,-2.46340108624271,-0.426601522406429,0.334837202094774,0.240329988520359,0.425438964957007,1.01018363894683,0.885465192297655,1.1840181251376,1,1,-1.43041517660305,NaN
2022-08-01,0.0228632215741127,-0.167072981782451,0.246674827993991,-0.838273757691569,-1.91295435803481,0.0508866862418193,0.334635200491875,0.242823812544835,0.425131733674157,1.01320190773468,0.883177919124391,1.18248001153531,1,1,-0.815410536117456,NaN
2022-09-01,0.0219506772436318,-0.166476266829055,0.247259459819884,-0.395563461064695,-1.37076810802217,0.464149147757505,0.332447627419956,0.245075205106199,0.427142671562433,1.01697136035348,0.880423341533201,1.18533402334469,1,1,-0.373612783821063,-0.458715596330272
2022-10-01,0.0215669684824513,-0.167890489625031,0.245776082798026,-0.995536303080622,-1.84105327326094,-0.243012487766759,0.334232805371981,0.244438164372511,0.426528709228897,1.01316757337084,0.878033722421411,1.18265588318098,1,1,-0.97396933459817,NaN
2022-11-01,0.0219959304773348,-0.168707253068299,0.244413113973234,-1.83619605369567,-2.79769642944947,-1.01087070375511,0.333209658102087,0.243692379665724,0.42101941350774,1.01649382527044,0.876573522881252,1.18024758391567,1,1,-1.81420012321833,NaN
2022-12-01,0.0225210416956071,-0.168253582457295,0.245756130881342,-0.355919411851411,-1.01475399962309,0.319791607105979,0.334151458997504,0.245727138162051,0.425545409981939,1.01446807514058,0.88002015605281,1.18095539054985,1,1,-0.333398370155804,-1.55678502106084
2023-01-01,0.0228173663944835,-0.168597490584004,0.245276166453563,-0.585461065168015,-1.39790953427414,0.154827896832711,0.3345319769517,0.242271671099738,0.422600064048348,1.01304283169723,0.881077249305256,1.18286209625628,1,1,-0.562643698773532,NaN
2023-02-01,0.0224603451754113,-0.168520195533847,0.244720370160097,-1.53607381918414,-2.34442608436155,-0.770133799399507,0.333489511758969,0.245018787885037,0.424658288972211,1.01519532295277,0.877969999672381,1.18095102019372,1,1,-1.51361347400873,NaN
2023-03-01,0.0218628881419205,-0.168822897601229,0.245480778489021,-0.564916978352968,-1.14095132667447,0.103768760949403,0.335076671825941,0.244993606942427,0.422929052609315,1.01545323205644,0.880069057989593,1.1819247261449,1,1,-0.543054090211047,-1.26083107546208
2023-04-01,0.022316188796731,-0.168397716097493,0.245860723969784,-1.07415523329853,-1.97154322959341,-0.434171896041377,0.333270321259705,0.244260038757827,0.425155617653323,1.01501556969405,0.879436335497908,1.18237897292323,1,1,-1.0518390445018,NaN
2023-05-01,0.0223783924313239,-0.16854473148737,0.245295545545376,-1.14818885114266,-1.85014032836847,-0.462680523550675,0.333431498148219,0.245200513594531,0.42356209561969,1.01650336708739,0.875138414225651,1.1845656193381,1,1,-1.12581045871134,NaN
2023-06-01,0.0223249283749972,-0.168394076629665,0.244644111421135,-0.652290685359027,-1.41933416299505,0.026569144597359,0.331618815181422,0.248771441735039,0.422652573203896,1.01585083788315,0.877269950246034,1.18012342637421,1,1,-0.62996575698403,0.0828646724807758
2023-07-01,0.022713770095488,-0.168338183404467,0.2447422418453,-1.28413112724832,-2.21612566589938,-0.658184897404298,0.333232249819714,0.246242642799072,0.419412869782852,1.01502322945166,0.876570786851858,1.1844887929328,1,1,-1.26141735715283,NaN
2023-08-01,0.0223116206730035,-0.168359684295761,0.243732855420598,-0.64059151240405,-1.40446434987726,-0.094619247564064,0.333309438768818,0.249061608098788,0.423706215409455,1.01430802538312,0.877781390675947,1.18620015433703,1,1,-0.618279891731047,NaN
2023-09-01,0.0223954524846498,-0.168325721758205,0.242593766627899,-0.940935190178999,-1.79294517500195,-0.195003372302764,0.332997911260259,0.250322587071144,0.423063954775254,1.01377108492178,0.879108933057011,1.18545505964706,1,1,-0.918539737694349,-0.211740753308454
2023-10-01,0.0223126576793039,-0.168774436255727,0.242398564558422,-1.00216961641952,-1.74330268695603,-0.215147719212045,0.333864280154412,0.249274698864702,0.424080881534841,1.01237831935414,0.882725994642112,1.18561560522772,1,1,-0.979856958740214,NaN
2023-11-01,0.0226241784264751,-0.16856783236276,0.24197494758573,-0.0119938559801361,-0.769920553477697,0.691320627235066,0.333165881690766,0.24817571168505,0.420656338267266,1.01373366504498,0.883033700719223,1.18451283483773,1,1,0.010630322446339,NaN
2023-12-01,0.0226588750532389,-0.168206892702836,0.242594312516138,1.06680570419229,-0.0137938339167291,2.61290718072155,0.334033424535148,0.248262488778128,0.423346447374025,1.01117482737315,0.8821045163127,1.18411277905218,1,1,1.08946457924553,0.394455854949061
2024-01-01,0.0228125138958265,-0.168578737845112,0.242194304171322,-2.20538891652838,-3.87453707127848,-1.29918949934365,0.334908620078838,0.246059557620335,0.422227898996911,1.01069927513148,0.878685621243361,1.18484582541984,1,1,-2.18257640263256,NaN
2024-02-01,0.0229717993633309,-0.169003135594079,0.242050193864541,-0.433674629849598,-1.0938049742113,0.327082063463657,0.334129066289616,0.246303854222118,0.421806861904945,1.0120816560905,0.876089907831424,1.18218836234732,1,1,-0.410702830486267,NaN
2024-03-01,0.0225848522966384,-0.169332129546039,0.241724437729043,-0.0654492817081159,-0.793851215549037,0.776678128255392,0.33334067354855,0.246867054929974,0.422285043227797,1.00777752548061,0.877408944638636,1.18155476257701,1,1,-0.0428644294114775,0.0785812028343491
2024-04-01,0.0228809949795583,-0.168901081296645,0.240887544169223,-1.04629133822921,-1.86046794587352,-0.34397381394164,0.33332500677404,0.248143012012587,0.417860834635346,1.01086446699611,0.87305273410315,1.18341920959255,1,1,-1.02341034324965,NaN
2024-05-01,0.022964869329033,-0.16809608081822,0.240288905572564,0.702516921008353,0.0622354093526444,1.49483808156607,0.330302963844197,0.246062378607102,0.414442901870459,1.01054759385942,0.872407110633801,1.18016133320125,1,1,0.725481790337386,NaN
2024-06-01,0.022235529552636,-0.169117251326412,0.240917632350205,-0.374555671244878,-1.09491905519194,0.209896062165263,0.330965485338819,0.246562984656495,0.415178129594538,1.01056517341875,0.874591011888342,1.17841353155467,1,1,-0.352320141692242,-0.461640516062645
2024-07-01,0.0223316012380425,-0.168961992684216,0.240906960396873,-1.45439843676545,-2.19259382937333,-0.751486495215225,0.32981903474181,0.247344008841661,0.419917548096734,1.00951531913944,0.876258131552933,1.17463295123333,1,1,-1.43206683552741,NaN
2024-08-01,0.0232226326520056,-0.169909214957274,0.240812173601326,0.539277380875758,-0.0740224867895966,1.29171984812653,0.328499649395841,0.246900371495752,0.420414705589294,1.01159068900355,0.87932181234656,1.17959834895773,1,1,0.562500013527764,NaN
2024-09-01,0.0233822364107972,-0.169660521116788,0.240670674490226,-0.345108067349037,-0.977121706419406,0.243731895295349,0.326543326295896,0.251342004437671,0.416091314435062,1.01175512132016,0.877551498137054,1.17985010812288,1,1,-0.32172583093824,0.374017354405254
2024-10-01,0.0228022992177194,-0.169465623347038,0.239868332092888,-0.542975034817825,-1.26027210423258,0.0674603293479344,0.326490531203526,0.248010831844289,0.415118383583211,1.01130174198074,0.875600403969113,1.18630417031399,1,1,-0.520172735600105,NaN
2024-11-01,0.0228132718382548,-0.169565999834809,0.239707680059261,0.326704970226815,-0.267252973588494,1.01378207355891,0.328292552755907,0.249017673160949,0.417363704887486,1.01299213935863,0.876906613856075,1.18328745576684,1,1,0.34951824206507,NaN
2024-12-01,0.0227732411096644,-0.170384101398385,0.239990283530603,-0.1759574023301,-1.02725962617081,0.378344394092466,0.328566843389992,0.248370075387231,0.410415270446453,1.01053353783443,0.877398055176076,1.18419398065913,1,1,-0.153184161220435,0.184279345808314
2025-01-01,0.0231190722954376,-0.170454343167919,0.240525257923037,-1.30838982650463,-2.3032202881498,-0.581864679696189,0.328877032407209,0.247753940819899,0.418688262447149,1.01252504565646,0.87813765941895,1.18650771228903,1,1,-1.2852707542092,NaN
2025-02-01,0.0233470442262246,-0.170709355808728,0.240005818115334,1.15986765033289,0.401346092392051,2.26653575362376,0.329711484118186,0.246553346626535,0.414659011987529,1.01088061601593,0.877599333254951,1.18617690920311,1,1,1.18321469455911,NaN
2025-03-01,0.0231814998604255,-0.170380691725735,0.240298798299228,-0.814230905322545,-1.7729226403733,-0.0851929684083248,0.328990425262295,0.248205054744093,0.413155869433149,1.01002635533256,0.878964794550049,1.18677937592633,1,1,-0.79104940546212,0.346240718449486
2025-04-01,0.0234358638722496,-0.171208044088793,0.240886211212994,0.698440997366919,-0.0600494628134826,1.37103272108697,0.326620525588789,0.249283861046545,0.418583820612683,1.010717432615,0.879679501590371,1.18631877276179,1,1,0.721876861239168,NaN
2025-05-01,0.0240947246394078,-0.171325786553992,0.241146184758035,-0.895910824379615,-1.65420200859726,-0.164877015687922,0.325512831963939,0.247652397502946,0.417347886760251,1.00648589584188,0.88137216085626,1.18435734789071,1,1,-0.871816099740207,NaN
2025-06-01,0.0248904368313975,-0.170203795898522,0.241418342825479,-0.518139298787204,-1.17952559878534,0.175127689086547,0.326096833730686,0.248575073641114,0.414601479850578,1.00725937811446,0.878296550712873,1.18767505848596,1,1,-0.493248861955807,0.921919857668518
2025-07-01,0.0256238034108158,-0.17069283817391,0.241216383335192,-1.71291150362938,-3.02477852606749,-0.94049102946319,0.329299544878053,0.248088300841963,0.417057121935151,1.00368759217413,0.877324003731592,1.18888129047925,1,1,-1.68728770021856,NaN
2025-08-01,0.0256428085595122,-0.170498242787561,0.241872407246072,0.0747202968550873,-0.570052394454974,0.756436982955008,0.32823375076868,0.247776451533753,0.417410456936001,1.00300265322573,0.876860108513509,1.18761391217854,1,1,0.1003631054146,NaN
2025-09-01,0.0261826584591374,-0.170972412580623,0.241210203936197,-0.0836709889834712,-0.812369443047054,0.537280256235944,0.323567719839088,0.24896362930051,0.417489740478516,1.00438929971173,0.876852205212762,1.19015744801763,1,1,-0.0574883305243338,0.0160262831042868
2025-10-01,0.0263004775120205,-0.1712031846148,0.242519494677166,-0.0719622370179112,-0.855319529801691,0.49765790007932,0.322723532170528,0.249119625742088,0.419626588091986,1.00581574070057,0.878841149297881,1.1907128000597,1,1,-0.0456617595058907,NaN
2025-11-01,0.0260266214279912,-0.171729211364306,0.241959248533512,0.238587488380226,-0.359335675961835,1.1023861369537,0.324499721299311,0.250937541995668,0.420645802893715,1.00716983108891,0.879155877871578,1.19124675594008,1,1,0.264614109808217,NaN
2025-12-01,0.026346082756199,-0.171604150963786,0.242545249221843,-0.0228391598627894,-0.583675997163245,0.72896326436458,0.323820281599598,0.249260408997703,0.415963014011641,1.00711378297414,0.878134808381172,1.18722052822785,1,1,0.00350692289340962,-0.200296438729319
2026-01-01,0.0267126517144972,-0.171527284918281,0.242959017648001,-0.38535827635571,-1.45236913463997,0.483208706418908,0.322961529124794,0.252169368270755,0.416182828141138,1.0078550315309,0.87994806596378,1.18892611839954,1,1,-0.358645624641213,NaN
2026-02-01,0.0264768864994346,-0.171639471763259,0.242086659429212,0.116830893882062,-0.577561138364306,1.11256811734715,0.32358076181128,0.253270327741835,0.417534944336465,1.00743555250528,0.877553525239869,1.18685820018159,1,1,0.143307780381497,NaN
2026-03-01,0.0262587057639689,-0.172566011185358,0.241732600586689,0.275458788383575,-0.764777046678937,1.34771394369604,0.323745247519272,0.253557438941461,0.416669664806735,1.00548404048127,0.876703718886191,1.19033823393476,1,1,0.301717494147544,0.559960663107617
2026-04-01,0.0255328733255847,-0.172021422189974,0.242329693127581,-0.465978942097572,-1.33935520245741,0.649692844417308,0.324823952290187,0.253610117715318,0.420560341388694,1.00208793779525,0.876776581865189,1.19228678954211,1,1,-0.440446068771987,NaN
2026-05-01,0.0250884915619495,-0.172246704611216,0.242757299274159,0.198569790243035,-0.713870283563802,1.25357414806092,0.324117755356001,0.251887873909373,0.414704019342103,1.00182993790093,0.873614921331565,1.19003237595266,1,1,0.223658281804984,NaN
2026-06-01,0.0252928980878834,-0.172901462357827,0.24410710917846,0.132686930147512,-1.02432315879357,1.22663157490309,0.326146319018627,0.247775380357055,0.410737494307667,1.00867731504722,0.872446686828072,1.19206994694861,1,1,0.157979828235396,1.71893403226018
2026-07-01,0.0248965865047347,-0.171956878404441,0.243850190118885,-0.121183134747612,-1.3569470357754,1.11910670736512,0.327396901370214,0.248258575331724,0.41711486551114,1.00678605643009,0.870768890207893,1.19435189700784,1,1,-0.0962865482428776,NaN
2026-08-01,0.0240640896496142,-0.17232177144329,0.243920490477684,0.135397938283456,-0.889891690485497,1.45745197538966,0.323870859643294,0.246350583458075,0.416913825591691,1.00639724988308,0.870906131261774,1.19034057026406,1,1,0.15946202793307,NaN
2026-09-01,0.0240921631362165,-0.172643111829081,0.243644828567339,0.0292156328775024,-1.12814255418393,1.23658340656503,0.325589955238461,0.248080177201171,0.414011521472793,1.00251501539292,0.871058428211624,1.19103986723514,1,1,0.0533077960137189,NaN
