spec,subsample,n_quarters,rmsfe,crps,wqs
"DFM",Full,71,2.04334510582678,0.929205959104097,0.390713594295706
"DFM",GFC,7,4.47023653017893,3.11139458228323,1.40284764048876
"DFM",Tranquil,40,0.857874389315051,0.511515599159861,0.205191447000343
"DFM",Pandemic,24,1.74550014007193,0.988884877250575,0.404711409648336
"DFM",Pre,47,2.19656275344965,0.898731617922916,0.383565773690107
"DFM (no COVID factor)",Full,71,1.97886592848646,0.889558300737078,0.376605618491063
"DFM (no COVID factor)",GFC,7,4.41754668596721,3.07330169460455,1.38666176984812
"DFM (no COVID factor)",Tranquil,40,0.823260574926565,0.506663347730192,0.20646030685487
"DFM (no COVID factor)",Pandemic,24,1.57949223886981,0.890791399203874,0.365581427072245
"DFM (no COVID factor)",Pre,47,2.16752264507367,0.888928633434884,0.382234992832587
"GIGG-SV-trend (QR)",Full,71,2.0965333832764,1.3411843185794,0.404104080554461
"GIGG-SV-trend (QR)",GFC,7,4.59063876257384,2.99033569352305,1.11354926705731
"GIGG-SV-trend (QR)",Tranquil,40,1.02865570094089,0.840950404387167,0.22811797657718
"GIGG-SV-trend (QR)",Pandemic,24,2.42435217152103,1.69390502454121,0.490492741119933
"GIGG-SV-trend (QR)",Pre,47,1.92740804086704,1.16107161766272,0.359990721967838
"GIGG-SV-trend",Full,71,1.90799048913597,1.16325975981301,0.367602778968305
"GIGG-SV-trend",GFC,7,4.74972487254482,3.11754694880398,1.14008503295105
"GIGG-SV-trend",Tranquil,40,0.922755273824205,0.744354039463374,0.210242373167821
"GIGG-SV-trend",Pandemic,24,1.89611334992629,1.29143553027337,0.40456279789081
"GIGG-SV-trend",Pre,47,1.92504131749801,1.09780830255666,0.348729577816387
"GIGG fixed-SV",Full,71,2.3133253253969,1.59310256320223,0.440045977564851
"GIGG fixed-SV",GFC,7,4.86004384120923,3.246197431777,1.15945312798411
"GIGG fixed-SV",Tranquil,40,1.10974553886,1.09394570605225,0.257808443750205
"GIGG fixed-SV",Pandemic,24,2.77180270608113,1.94287798845123,0.533948115050309
"GIGG fixed-SV",Pre,47,2.05914602444481,1.41449383541551,0.392095949912702
"GIGG fixed-SV, no QR",Full,71,2.0074804121233,1.35916910659032,0.389987285365292
"GIGG fixed-SV, no QR",GFC,7,5.03813586953692,3.21118834879845,1.18751160637374
"GIGG fixed-SV, no QR",Tranquil,40,0.976299242222522,0.993321031740516,0.23586259267349
"GIGG fixed-SV, no QR",Pandemic,24,1.95422570113571,1.42874361902928,0.414250512890831
"GIGG fixed-SV, no QR",Pre,47,2.04280897581549,1.32364169598319,0.377597552160761
"U-MIDAS (QR)",Full,71,2.39485805400803,1.70016907286365,0.464308114623103
"U-MIDAS (QR)",GFC,7,5.4813455013157,3.55657754750469,1.26332646204903
"U-MIDAS (QR)",Tranquil,40,1.30219566305948,1.23265877746447,0.29562615503321
"U-MIDAS (QR)",Pandemic,24,2.56965898209447,1.93790042675864,0.512397695940363
"U-MIDAS (QR)",Pre,47,2.32455341789502,1.57877433895982,0.439751732673864
"GIGG-SV",Full,71,1.93919021603105,0.999936105813148,0.35775221810217
"GIGG-SV",GFC,7,4.53408008184335,2.828721080009,1.22791579246577
"GIGG-SV",Tranquil,40,0.855326952622883,0.611283844338324,0.192592796486905
"GIGG-SV",Pandemic,24,1.7866766194355,1.11429425746406,0.379220211604893
"GIGG-SV",Pre,47,2.0255808384725,0.941540453906297,0.346789838441205
"GIGG-SV, 12 lags",Full,71,1.98667663428133,1.04216931125559,0.365332799347058
"GIGG-SV, 12 lags",GFC,7,4.68250824357741,2.88093515349301,1.24347105394088
"GIGG-SV, 12 lags",Tranquil,40,0.867012203719301,0.644242252872081,0.197003942215057
"GIGG-SV, 12 lags",Pandemic,24,1.8852877292394,1.16907437124219,0.389757236977194
"GIGG-SV, 12 lags",Pre,47,2.0495373272191,0.977366727432645,0.352860746089117
"PCA-MIDAS (obs SV)",Full,71,2.16702970899308,1.05711741753726,0.388026340600249
"PCA-MIDAS (obs SV)",GFC,7,4.88986353978301,2.89490999553637,1.23547858691544
"PCA-MIDAS (obs SV)",Tranquil,40,1.00781692757689,0.646179609232301,0.21130387000947
"PCA-MIDAS (obs SV)",Pandemic,24,2.15976536222565,1.20599092946244,0.435390219742951
"PCA-MIDAS (obs SV)",Pre,47,2.18782703608646,0.981096900809502,0.363840529974188
"MS",Full,71,2.02052798892225,1.12277252086649,0.410845166282063
"MS",GFC,7,4.38652340482186,2.50278686309414,1.07501427623417
"MS",Tranquil,40,0.848970515972031,0.790041070545492,0.300015762274168
"MS",Pandemic,24,1.72824533564993,1.27482075491843,0.401844849225859
"MS",Pre,47,2.14869358137472,1.04513086943572,0.415441072863954
"GIGG (QR)",Full,71,2.25017706411031,1.25724126238059,0.422205198613401
"GIGG (QR)",GFC,7,4.80756319985267,2.62577091678262,1.07808187291858
"GIGG (QR)",Tranquil,40,1.03449027340035,0.782537145760634,0.260687055754266
"GIGG (QR)",Pandemic,24,2.36823239506999,1.6492603075466,0.500104740039615
"GIGG (QR)",Pre,47,2.11879629311776,1.05706132442348,0.382426709374483
"GIGG",Full,71,1.96619933698433,0.99656917256818,0.372474556636443
"GIGG",GFC,7,4.87425822275763,2.47739380032922,1.04807595257949
"GIGG",Tranquil,40,0.937143678424043,0.667460301047191,0.252716213473611
"GIGG",Pandemic,24,1.80172922935294,1.11317677533952,0.375021388091111
"GIGG",Pre,47,2.053225033923,0.937024864770046,0.371174046957464
"PCA-MIDAS",Full,71,2.204609823373,1.0805066466483,0.421173410188727
"PCA-MIDAS",GFC,7,5.3632331720715,2.8459538289094,1.13821309943519
"PCA-MIDAS",Tranquil,40,0.979066160667989,0.658815976869128,0.267361485178034
"PCA-MIDAS",Pandemic,24,2.2772358944946,1.26840233478745,0.468390042509664
"PCA-MIDAS",Pre,47,2.17970503290719,0.984559912279381,0.397062789429101
"GIGG-SV (+financial)",Full,71,1.96131456561456,1.01735730903741,0.360203693614721
"GIGG-SV (+financial)",GFC,7,4.50863613730517,2.96128545219908,1.26511341306736
"GIGG-SV (+financial)",Tranquil,40,0.837413512092606,0.623832562757864,0.193035664556482
"GIGG-SV (+financial)",Pandemic,24,1.74436002577307,1.10625284441451,0.374885073871435
"GIGG-SV (+financial)",Pre,47,2.07126745978553,0.971963844164001,0.352706818590017
"GIGG-SV, 12 lags (+financial)",Full,71,1.93513127010408,1.05034742330652,0.361536680991458
"GIGG-SV, 12 lags (+financial)",GFC,7,4.43632890171964,2.85625088941296,1.21828214251422
"GIGG-SV, 12 lags (+financial)",Tranquil,40,0.865420579462212,0.65824130477147,0.199534602467866
"GIGG-SV, 12 lags (+financial)",Pandemic,24,1.8477719089763,1.17713577658389,0.381656052253306
"GIGG-SV, 12 lags (+financial)",Pre,47,1.98770124857971,0.985604434398927,0.351262959496046
"GIGG (+financial)",Full,71,2.04935155096929,1.05519525111113,0.373841155173881
"GIGG (+financial)",GFC,7,4.82365271313022,2.79175105941675,1.11867796245278
"GIGG (+financial)",Tranquil,40,0.977004683706798,0.685087814750251,0.238165651580329
"GIGG (+financial)",Pandemic,24,1.9020524666778,1.16554553429013,0.382722925706788
"GIGG (+financial)",Pre,47,2.12479017538709,0.998846170338879,0.369305782986864
"GIGG-SV (+fin/foreign)",Full,71,1.9612232244828,1.01948492436867,0.361526098290924
"GIGG-SV (+fin/foreign)",GFC,7,4.48666422764663,2.98585304012954,1.26924175253951
"GIGG-SV (+fin/foreign)",Tranquil,40,0.826972651355919,0.622683906893057,0.192699086078935
"GIGG-SV (+fin/foreign)",Pandemic,24,1.75088890775271,1.10729591973111,0.378154052821735
"GIGG-SV (+fin/foreign)",Pre,47,2.06660911458127,0.97464526716232,0.353035227892212
"GIGG-SV, 12 lags (+fin/foreign)",Full,71,1.97597214137807,1.05622762646798,0.366688742787442
"GIGG-SV, 12 lags (+fin/foreign)",GFC,7,4.53220729179845,2.98390838514354,1.26755062827871
"GIGG-SV, 12 lags (+fin/foreign)",Tranquil,40,0.853182062313802,0.656287000974915,0.200432433129003
"GIGG-SV, 12 lags (+fin/foreign)",Pandemic,24,1.84466467438406,1.1605551143427,0.381031208949887
"GIGG-SV, 12 lags (+fin/foreign)",Pre,47,2.04923414102784,1.00295401563833,0.359364930278959
"GIGG-SV (+foreign)",Full,71,1.94071077915146,0.999796210535629,0.357580169136618
"GIGG-SV (+foreign)",GFC,7,4.61453070545646,2.83588623811282,1.23206099983868
"GIGG-SV (+foreign)",Tranquil,40,0.862535087748776,0.616363366437765,0.192720493252474
"GIGG-SV (+foreign)",Pandemic,24,1.74825405733407,1.10332469265539,0.377289386655423
"GIGG-SV (+foreign)",Pre,47,2.04525640749777,0.946930602644688,0.34751588785042
"GIGG-SV, 12 lags (+foreign)",Full,71,2.00041475186905,1.04708336957775,0.366564765352758
"GIGG-SV, 12 lags (+foreign)",GFC,7,4.71757288289328,2.92469176113736,1.25621679331724
"GIGG-SV, 12 lags (+foreign)",Tranquil,40,0.875163572150949,0.646279498564104,0.19807473061758
"GIGG-SV, 12 lags (+foreign)",Pandemic,24,1.87787082817793,1.16745404039562,0.387899648421747
"GIGG-SV, 12 lags (+foreign)",Pre,47,2.07237201624885,0.985617495117568,0.355670356977105
"GIGG-SV (+trade/orders)",Full,71,1.93718770793298,1.00806900188538,0.358527998708773
"GIGG-SV (+trade/orders)",GFC,7,4.6003352817555,2.84948144873741,1.23221843797517
"GIGG-SV (+trade/orders)",Tranquil,40,0.859475020737197,0.623406117449927,0.194241994972663
"GIGG-SV (+trade/orders)",Pandemic,24,1.76368171095049,1.11209517894597,0.377511626816257
"GIGG-SV (+trade/orders)",Pre,47,2.03302746277803,0.954949251896998,0.348834231164526
"GIGG (+trade/orders)",Full,71,2.00939457782001,1.03781935617755,0.379880311138569
"GIGG (+trade/orders)",GFC,7,5.2140290487003,2.77616091987341,1.09610950649984
"GIGG (+trade/orders)",Tranquil,40,0.95048388258494,0.682767368989396,0.256294878984825
"GIGG (+trade/orders)",Pandemic,24,1.79992368799324,1.12255637874651,0.376955849414439
"GIGG (+trade/orders)",Pre,47,2.12104796104021,0.994549387206164,0.381373653295572
