series,source,table,query,freq,n_obs,first_obs,last_obs,n_missing,max_lag_periods,published,vintage,retrieved_at,response_sha256
BAR_BCI_CONSTR,statee,BAR02,queries/BAR02_CONSTR.json,M,4,2026-05-01,2026-08-01,0,2,2026-08-24T10:33:00,2026-08-26,2026-08-26T08:44:53,60a7f19fe29e11fe946390ff59b66df54738cda0476eb49635761aaa43683f12
BAR_BCI_MANUF,statee,BAR03,queries/BAR03_INDUSTRY.json,M,4,2026-05-01,2026-08-01,0,2,2026-08-24T10:33:00,2026-08-26,2026-08-26T08:44:53,795c228bcf51decc7d1ed9c9aee054e38f6e3f432f4b9ac8d62b573f527f6c3c
BAR_BCI_RETAIL,statee,BAR04,queries/BAR04_RETAIL.json,M,4,2026-05-01,2026-08-01,0,2,2026-08-24T10:34:00,2026-08-26,2026-08-26T08:44:53,2c3a72696c048db923f6d09c13d59b03e0b0866a5834870138e82d37f4510150
BAR_BCI_SERV,statee,BAR05,queries/BAR05_SERVICES.json,M,4,2026-05-01,2026-08-01,0,2,2026-08-24T10:34:00,2026-08-26,2026-08-26T08:44:53,1c31df30c44668655de38e2226373f6f760b9eb2cdc72c80019f35bc4bc9963d
BAR_CCI,statee,BAR01,queries/BAR01_CONSUMER.json,M,4,2026-05-01,2026-08-01,0,2,2026-08-24T10:33:00,2026-08-26,2026-08-26T08:44:53,dd2dd33863d22ad32f0eac42b6f124ced482478969ce0af35aa5571ad0d1339c
BAR_CONS_PRICE_EXP,statee,BAR01,queries/BAR01_CONSUMER.json,M,4,2026-05-01,2026-08-01,0,2,2026-08-24T10:33:00,2026-08-26,2026-08-26T08:44:53,dd2dd33863d22ad32f0eac42b6f124ced482478969ce0af35aa5571ad0d1339c
BCI_CONSTR,oecd,"OECD.SDD.STES,DSD_STES@DF_BTS,4.0",EST.M........,M,385,1994-04-01,2026-04-01,0,6,,2026-08-26,2026-08-26T08:44:53,5dc99b7cafe5c553dc5675c001a06c998dcd36a8513d38a1d599cdcf4c2de3f5
BCI_IDX,oecd,"OECD.SDD.STES,DSD_STES@DF_CLI,4.1",EST........,M,409,1992-04-01,2026-04-01,0,6,,2026-08-26,2026-08-26T08:44:53,f8ec8da3e157eb3204930c5156c49850397b42c89e7dc425c380c141ee213767
BCI_MANUF,oecd,"OECD.SDD.STES,DSD_STES@DF_BTS,4.0",EST.M........,M,409,1992-04-01,2026-04-01,0,6,,2026-08-26,2026-08-26T08:44:53,5dc99b7cafe5c553dc5675c001a06c998dcd36a8513d38a1d599cdcf4c2de3f5
BCI_RETAIL,oecd,"OECD.SDD.STES,DSD_STES@DF_BTS,4.0",EST.M........,M,376,1995-01-01,2026-04-01,0,6,,2026-08-26,2026-08-26T08:44:53,5dc99b7cafe5c553dc5675c001a06c998dcd36a8513d38a1d599cdcf4c2de3f5
BCI_SERV,oecd,"OECD.SDD.STES,DSD_STES@DF_BTS,4.0",EST.M........,M,288,2002-05-01,2026-04-01,0,6,,2026-08-26,2026-08-26T08:44:53,5dc99b7cafe5c553dc5675c001a06c998dcd36a8513d38a1d599cdcf4c2de3f5
CCI,oecd,"OECD.SDD.STES,DSD_STES@DF_CS,4.0",EST........,M,403,1992-10-01,2026-04-01,0,6,,2026-08-26,2026-08-26T08:44:53,5a94a3cd870ed93abcb61fa28fdca18d45e3dbd96f03cafcd886ff54cb1a5860
CCI_IDX,oecd,"OECD.SDD.STES,DSD_STES@DF_CLI,4.1",EST........,M,403,1992-10-01,2026-04-01,0,6,,2026-08-26,2026-08-26T08:44:53,f8ec8da3e157eb3204930c5156c49850397b42c89e7dc425c380c141ee213767
CONS_ECON_SIT,oecd,"OECD.SDD.STES,DSD_STES@DF_CS,4.0",EST........,M,406,1992-07-01,2026-04-01,0,6,,2026-08-26,2026-08-26T08:44:53,5a94a3cd870ed93abcb61fa28fdca18d45e3dbd96f03cafcd886ff54cb1a5860
CONS_PRICE_EXP,oecd,"OECD.SDD.STES,DSD_STES@DF_CS,4.0",EST........,M,397,1993-04-01,2026-04-01,0,6,,2026-08-26,2026-08-26T08:44:53,5a94a3cd870ed93abcb61fa28fdca18d45e3dbd96f03cafcd886ff54cb1a5860
CPI,statee,IA002,queries/IA002_CPI.json,M,343,1998-01-01,2026-07-01,5,3,2026-08-06T14:36:00,2026-08-26,2026-08-26T08:44:53,d816c5b1346fad22430f01b20a4648283edbec748ac832c02054a1b74532e969
CPI_HOUSING,statee,IA002,queries/IA002_CPI.json,M,343,1998-01-01,2026-07-01,5,3,2026-08-06T14:36:00,2026-08-26,2026-08-26T08:44:53,d816c5b1346fad22430f01b20a4648283edbec748ac832c02054a1b74532e969
CPI_TRANSPORT,statee,IA002,queries/IA002_CPI.json,M,343,1998-01-01,2026-07-01,5,3,2026-08-06T14:36:00,2026-08-26,2026-08-26T08:44:53,d816c5b1346fad22430f01b20a4648283edbec748ac832c02054a1b74532e969
DEBT,statee,RR059,queries/RR059_DEBT.json,Q,105,2000-01-01,2026-01-01,3,4,2026-06-15T12:07:00,2026-08-26,2026-08-26T08:44:53,0b1b1008980c24e154954533a1c5db8e92de013e6b042ed1cd2cd02b6a293df5
EA10Y,ecb,FM,M.U2.EUR.4F.BB.U2_10Y.YLD,M,439,1990-01-01,2026-07-01,0,3,,2026-08-26,2026-08-26T08:44:53,0d048a0aa39d3e621041fe45367a90dd695965aa1aafe9a04f02fea77c3a6d31
ELEC_PROD,statee,KE20,queries/KE20_ENERGY.json,M,318,2000-01-01,2026-06-01,0,4,2026-07-27T16:47:00,2026-08-26,2026-08-26T08:44:53,440602e188896fe4c1e9a9df32af80b8d043527bb044bb2d886a276adaa76a9c
EMPL,statee,TT3300,queries/TT3300_LABOUR.json,Q,106,2000-01-01,2026-04-01,0,3,2026-08-11T11:17:00,2026-08-26,2026-08-26T08:44:53,d3931e39c62e8cdfc354e483aa0226ca91809b6dc847a9f80a219043a59e0ebf
EM_MANUF,oecd,"OECD.SDD.STES,DSD_STES@DF_BTS,4.0",EST.M........,M,409,1992-04-01,2026-04-01,0,6,,2026-08-26,2026-08-26T08:44:53,5dc99b7cafe5c553dc5675c001a06c998dcd36a8513d38a1d599cdcf4c2de3f5
EURIBOR3M,ecb,FM,M.U2.EUR.RT.MM.EURIBOR3MD_.HSTA,M,391,1994-01-01,2026-07-01,0,3,,2026-08-26,2026-08-26T08:44:53,66c7d6951965e7e16e234bdbf11ba769f792c7093de7b5d3ac9aa876bf1334a5
EURUSD,ecb,EXR,M.USD.EUR.SP00.A,M,331,1999-01-01,2026-07-01,0,3,,2026-08-26,2026-08-26T08:44:53,faf7294ca953e360cdb07ab2cefcbd9956943a63d0d5cb401145bd25a3923ac0
EXPORTS,statee,VKK12,queries/VKK12_EXIM.json,M,270,2004-01-01,2026-06-01,0,4,,2026-08-26,2026-08-26T08:44:53,728515b2823744a481d31cca8711e3d057003364434b090d9b1a9ffd08996419
EXP_SHARE_DE,statee,VKK12,queries/VKK12_PARTNER_SHARES.json,M,270,2004-01-01,2026-06-01,0,4,,2026-08-26,2026-08-26T08:44:53,00d1d9c3255882963e3935b2f6262d581c089061a7df45aa5453c65cddaf69a5
EXP_SHARE_FI,statee,VKK12,queries/VKK12_PARTNER_SHARES.json,M,270,2004-01-01,2026-06-01,0,4,,2026-08-26,2026-08-26T08:44:53,00d1d9c3255882963e3935b2f6262d581c089061a7df45aa5453c65cddaf69a5
EXP_SHARE_LV,statee,VKK12,queries/VKK12_PARTNER_SHARES.json,M,270,2004-01-01,2026-06-01,0,4,,2026-08-26,2026-08-26T08:44:53,00d1d9c3255882963e3935b2f6262d581c089061a7df45aa5453c65cddaf69a5
EXP_SHARE_SE,statee,VKK12,queries/VKK12_PARTNER_SHARES.json,M,270,2004-01-01,2026-06-01,0,4,,2026-08-26,2026-08-26T08:44:53,00d1d9c3255882963e3935b2f6262d581c089061a7df45aa5453c65cddaf69a5
GDP,statee,RAA0012,queries/RAA0012_GDP.json,Q,124,1995-01-01,2025-10-01,4,3,2026-08-21T14:30:00,2026-08-26,2026-08-26T08:44:53,9e95c4584d2ea5fd87366bce41999b18d80ef8bee6f6b1a84ea9ac1cbe5c1e26
GDP_FLASH,statee,RAA0015,queries/RAA0015_GDP_FLASH.json,Q,18,2022-01-01,2026-04-01,2,2,2026-07-29T13:38:00,2026-08-26,2026-08-26T08:44:53,20497370ab222561f5cad639fcbc3feabf58b05e4521210a41c1c2af559fa1b3
HEAT_PROD,statee,KE20,queries/KE20_ENERGY.json,M,318,2000-01-01,2026-06-01,0,4,2026-07-27T16:47:00,2026-08-26,2026-08-26T08:44:53,440602e188896fe4c1e9a9df32af80b8d043527bb044bb2d886a276adaa76a9c
IMPORTS,statee,VKK12,queries/VKK12_EXIM.json,M,270,2004-01-01,2026-06-01,0,4,,2026-08-26,2026-08-26T08:44:53,728515b2823744a481d31cca8711e3d057003364434b090d9b1a9ffd08996419
IP,statee,TO0053,queries/TO0053_IP.json,M,318,2000-01-01,2026-06-01,0,4,2026-08-04T12:40:00,2026-08-26,2026-08-26T08:44:53,c95debc37b51ef4540cf4b27cb609a81ae4f019e22e38e8b458c22db7d94b947
LEND_RATE_EE,ecb,MIR,M.EE.B.A2A.A.R.A.2240.EUR.N,M,258,2000-01-01,2026-06-01,14,4,,2026-08-26,2026-08-26T08:44:53,dcdcbc80c6412f44dcd573388ddf8d983095be6a37422632aeb7d02c6da275e3
OB_MANUF,oecd,"OECD.SDD.STES,DSD_STES@DF_BTS,4.0",EST.M........,M,409,1992-04-01,2026-04-01,0,6,,2026-08-26,2026-08-26T08:44:53,5dc99b7cafe5c553dc5675c001a06c998dcd36a8513d38a1d599cdcf4c2de3f5
PART,statee,TT3300,queries/TT3300_LABOUR.json,Q,106,2000-01-01,2026-04-01,0,3,2026-08-11T11:17:00,2026-08-26,2026-08-26T08:44:53,d3931e39c62e8cdfc354e483aa0226ca91809b6dc847a9f80a219043a59e0ebf
PPI,statee,IA039,queries/IA039_PPI.json,M,295,2002-01-01,2026-07-01,5,3,2026-08-19T11:53:00,2026-08-26,2026-08-26T08:44:53,eaddce7a3d83c41804c80e0d7a652e1fca254570ed7a59206a8baec202989dd6
SERV_PROD,statee,TE011,queries/TE011_SERVICES.json,M,77,2020-01-01,2026-05-01,0,4,2026-07-30T10:04:00,2026-08-26,2026-08-26T08:44:53,24931f68e3fb930b3ead300899de2220488d8c8a70d5b2696a0cc61e0488ee8d
SERV_TURNOVER,statee,TE011,queries/TE011_SERVICES.json,M,77,2020-01-01,2026-05-01,0,4,2026-07-30T10:04:00,2026-08-26,2026-08-26T08:44:53,24931f68e3fb930b3ead300899de2220488d8c8a70d5b2696a0cc61e0488ee8d
SP_CONSTR,oecd,"OECD.SDD.STES,DSD_STES@DF_BTS,4.0",EST.M........,M,385,1994-04-01,2026-04-01,0,6,,2026-08-26,2026-08-26T08:44:53,5dc99b7cafe5c553dc5675c001a06c998dcd36a8513d38a1d599cdcf4c2de3f5
SP_MANUF,oecd,"OECD.SDD.STES,DSD_STES@DF_BTS,4.0",EST.M........,M,409,1992-04-01,2026-04-01,0,6,,2026-08-26,2026-08-26T08:44:53,5dc99b7cafe5c553dc5675c001a06c998dcd36a8513d38a1d599cdcf4c2de3f5
STOXX,ecb,FM,M.U2.EUR.DS.EI.DJEURST.HSTA,M,439,1990-01-01,2026-07-01,0,3,,2026-08-26,2026-08-26T08:44:53,67c98c982a82f8560c9c24733ba8f0e9cdc86df697cb2ee71b8628b840d13b02
TOURISTS,statee,TU121,queries/TU121_TOURISM.json,M,366,1996-01-01,2026-06-01,0,4,2026-08-06T15:32:00,2026-08-26,2026-08-26T08:44:53,7130349fa0635f10c1514393ba20b8d8d1f3e863f135d1c4ba51e1816d96f51c
TOURISTS_NONRES,statee,TU121,queries/TU121_TOURISM.json,M,366,1996-01-01,2026-06-01,0,4,2026-08-06T15:32:00,2026-08-26,2026-08-26T08:44:53,7130349fa0635f10c1514393ba20b8d8d1f3e863f135d1c4ba51e1816d96f51c
UR,statee,TT3300,queries/TT3300_LABOUR.json,Q,106,2000-01-01,2026-04-01,0,3,2026-08-11T11:17:00,2026-08-26,2026-08-26T08:44:53,d3931e39c62e8cdfc354e483aa0226ca91809b6dc847a9f80a219043a59e0ebf
VAC,statee,PAV011,queries/PAV011_VACANCIES.json,Q,73,2008-01-01,2026-01-01,0,3,2026-06-04T15:26:00,2026-08-26,2026-08-26T08:44:53,99ee2982ef5c1b35db42db019c8c9dcf164b092fe09b73134ade315406c2fc73
VAC_RATE,statee,PAV011,queries/PAV011_VACANCIES.json,Q,73,2008-01-01,2026-01-01,0,3,2026-06-04T15:26:00,2026-08-26,2026-08-26T08:44:53,99ee2982ef5c1b35db42db019c8c9dcf164b092fe09b73134ade315406c2fc73
XR_MANUF,oecd,"OECD.SDD.STES,DSD_STES@DF_BTS,4.0",EST.M........,M,397,1993-04-01,2026-04-01,0,6,,2026-08-26,2026-08-26T08:44:53,5dc99b7cafe5c553dc5675c001a06c998dcd36a8513d38a1d599cdcf4c2de3f5
